主题词,子主题,,词频预期效果
信息化与系统建设,信息化平台;医院信息化;管理系统;ERP;医疗信息指挥中心;智能诊疗;智慧安全帽;智能识别分析;智慧病房;互联网+医疗健康;智慧口腔;智慧居家养老;电子病历;远程医疗;管理系统;智能化施工;智慧工地;智慧消防;电子病历;HIS;LIS;RIS;医疗信息系统;临床决策支持系统;云影像信息系统;医疗信息互联互通;医疗信息平台;医疗信息安全管理;医疗信息化;医疗信息标准化;智慧医院信息系统;移动医疗;信息化；互联网+;自助服务;智慧化建设;信息服务;系统集成;电子病历系统;微信公众号;档案管理;药学服务;管理平台;智慧交通;智慧养老;智慧社区;智慧党建;智慧档案;智慧平台;医养结合;智能化设计;PPP模式;智慧停车;智能导诊;医院信息化平台;药事服务;智慧图书馆;智慧护理服务模式;智慧病历;视频监控系统;健康管理平台;智慧互联网医院,,平稳，每阶段讨论差不多
质量和安全管理,内部控制;网络安全;网络安全技术;风险评估;居民隐私信息安全;网络可信体系;网络安全应急响应服务;互联网+医疗健康安全解决方案;智慧医院物联网安全;医院网络安全等级保护;医院勒索病毒防护;医院数据安全;医院关键信息系统安全保障;智能安防技术;安全技术防范系统;内控风险;医院安防;智慧消防;医疗安全管理;信息安全;安全技术防范系统;风险控制;医疗质量;信息安全;安全管理;智慧消防;医疗质量管理;医疗效率;服务质量;内控管理;网络安全技术;质量控制;信息化质控;安全;医疗卫生;质量管理;信息安全保障;质量与信息化;安全生产;医疗质量控制;智慧安防;内部控制制度;网络建设;网络规划,,上升或平稳
财务管理与运营分析,智慧财务;医院业财融合;智慧成本管理;智慧财务管理体系;财务管理效率;业财一体化;医疗费用控制;医院经济管理;财务数字化转型;财务信息安全;绩效指标;关键绩效指标;劳动生产率;医保支付方式改革;智慧运营财务管理;财务信息系统;财务效率;财务数据管理;财务对账;经济分析;医疗成本控制;医保支付政策;精益化管理;财务管理;财务风险防控;医疗费用控制;财务数字化转型;经济管理;财务工作;医院经济管理;精细化管理;绩效考核;医院财务;成本核算;管理会计;医院智慧财务;资产管理;医院运营管理;财务转型;智慧运营;预算管理;数字经济;智慧医保;安全运营;智慧财务系统;智慧财务建设;财务会计;运营效率;医院智慧财务管理;医院财务管理;会计信息化;智慧结算;成本控制;财务智能化;财务风险;全面预算管理;第三方支付;资金安全;智慧金融;区域医疗中心;医疗卫生服务体系;政府会计制度;医院经济管理;智慧财务体系;经济效益;财务;固定资产;智慧财务报销;财务效率;财务人才;绩效管理;业财一体化;医院预算管理;医保管理,,上升或平稳
患者服务与模式创新,智慧服务;患者服务;患者体验;门诊服务;个性化医疗;精准医疗;远程医疗;远程教育;远程诊疗;视频问诊;智慧病房;互联网医院;医疗服务新模式;医疗服务质量;医疗服务满意度;满意率;专科建设;医疗资源配置;医疗质量与安全管理;门诊流程优化;无痛病房;智慧门诊床旁结算;自助服务;患者中心;患者满意度;一键呼叫;多源感知融合定位;云看病;慢病防控;个性化医疗;智慧病房;手术室;就医体验;医联体;健康管理;医疗服务质量;医患关系;移动支付;移动互联网;一站式服务;患者就医体验;智慧护理;全生命周期管理;护理;预约诊疗;远程医疗服务;智慧服务分级评估;互联网诊疗;流程优化;电子健康档案;医疗服务模式;便民服务;业务流程;精准医疗;医疗联合体;远程诊断;远程手术;门诊服务;健康教育;远程诊疗;智慧医疗服务;就医流程;医共体;全民健康信息化;家庭医生签约服务;全生命周期健康管理;医院门诊;医联体建设;智慧手术室;手术追溯,,上升
医疗技术与创新,"5G技术;物联网;物联网技术;云计算技术;BIM;区块链;AIOT技术;图像识别;人工智能影像医学;数字医生;数字孪生;语音电子病历;平行智能;云计算;智能化系统设计;无线移动诊疗技术;智能健康管理平台;数字化超声诊断;移动X射线诊断;智能医疗设备;信息技术;BIM技术;流程再造;云计算技术;一体化;医疗物联网;区块链技术;区块链;云平台;创新;互联网技术;医疗技术;自动化;信息化技术;体系架构;5G网络;无线网络;数字技术;科技创新
5G网络技术;智能化技术;医疗创新;医疗技术创新;移动计算技术;互联网+技术;5G时代;网络架构;射频识别技术;CiteSpace;BIM运维;BIM 竣工模型;医疗产业链",,上升
后勤与供应链管理,绿色医院;节能减排;韧性医院;物资供应链;后勤建设;智慧报销系统;精益化管理;报销流程;设备状态评估;维保评价;后勤一体化服务平台;后勤物资;无线物联网;智慧仓储;智慧后勤服务体系;spd;后勤管理;医疗设备;智慧运维;医院建筑;建筑信息模型;可持续发展;医院后勤管理;医院后勤;运维管理;医院高质量发展;RFID;智能建筑;环境保护;能源管理;气候变化;风险控制;消防系统;后勤信息系统;态势感知;设备管理;新基建;智慧建筑;能耗管理;节能减排;物流系统;能源;节能降耗;智慧物流;智慧后勤管理;智慧运维平台;能源管理系统;设备运维管理;建筑节能;建筑智能化;医疗设备管理;节能设计;楼宇自控系统;医疗建筑设计;供应链管理;基础设施;节能管理;运维效率;智慧后勤平台;空间管理;医院后勤服务;智慧物流系统;运维体系;智慧后勤服务平台;运维平台;绿色智慧医院;运维;后勤运维平台;智慧后勤保障,,上升或平稳
数据管理和分析,数据管理;数据治理;数据标准化;数据质量;数据集成;数据开源;数据流通;数据安全;数据隐私;数据仓库;数据可视化;数据分析技术;数据挖掘;数据平台;大数据;医疗大数据;数据湖;数据生命周期管理;数据分析;大数据技术;数据库;数据共享;大数据分析;专病数据库;大数据平台;数据质量；数据集成;数据治理;数字化转型;数字化;数据生命周期管理;数字化医院;数据治理;数据挖掘;信息共享;算法;可视化;云服务;数据管理;医疗大数据;大数据技术;数字化工具;隐私保护;大数据平台;数字医院;数据集成;医疗数字化;临床数据中心;数字化医疗;健康大数据;数据标准化;数字化建设;智慧数据平台,带“数据”就放在这,上升
人工智能和机器学习,人工智能;机器学习;算法;监督学习;半监督联邦学习;人工智能应用;AI陪诊;智能机器人;智能监控;智能分析;智能预测;智能客服;智能穿戴;智能家居;智能医疗设备;智能监护;智能陪护;智能物流;智能仓储;智能配送;智能影像诊断;生成式人工智能;通用人工智能;人工智能医学联合创新中心;人工智能筛查;深度学习;人工智能技术;可穿戴设备;ChatGPT;智能机器人;医学科技创新;决策支持系统;医疗机器人;AI;生成式人工智能;平行智能;医疗人工智能;可视化分析;知识图谱;AI技术;人工智能+,,上升
管理与政策法规,医改;医疗体制政策;数据流动;质量与安全;标准体系;信息化建设;法规建设;数据规范性;医疗行业标准化;高质量发展;医疗改革;智慧化管理;医疗管理;医疗行业;管理;现代医院管理制度;标准化;公立医院改革;医疗资源配置;文化建设;医疗资源整合;公立医院高质量发展;现代化医院;医疗资源共享;智慧医院管理;信息管理;健康中国;资源整合;顶层设计;多院区;管理模式;医院智慧管理;PEST分析;SWOT;现代医院管理;指标体系;医院信息标准化;医疗体制改革;数字化管理;医疗服务体系;医企联合;分级评估标准体系;SWOT分析;资源配置;多院区管理,,下降
医疗教育与人才培养,临床思维;信息思维;医学人文素养;人才培养;专科能力;医学教育改革;继续教育;临床技能培训;智慧医疗教育;教学;麻醉教学;pbl教学;医学科研数据平台;医院管理;学科建设;创新思维;创新;人力资源;人力资源管理,,下降
