Word,Frequency
智慧医疗,236
人工智能,166
信息化,127
大数据,126
物联网,116
智慧财务,96
智慧服务,77
智慧管理,75
互联网+,69
电子病历,61
财务管理,54
远程医疗,54
医院信息化,53
高质量发展,52
云计算,52
医疗服务,50
智慧医院建设,49
精细化管理,42
互联网+医疗,41
分级诊疗,40
业财融合,40
互联网医院,39
智能化,36
5G,35
数字化转型,34
互联网+医疗健康,32
信息技术,30
医疗质量,29
网络安全,29
互联网,27
物联网技术,26
5G技术,25
智慧城市,25
内部控制,24
信息安全,24
移动医疗,23
疫情防控,22
医疗大数据,21
运营管理,21
智慧门诊,21
信息系统,20
智慧化,20
数据中心,19
后勤管理,19
数字化,19
医疗改革,18
医疗设备,18
智慧病房,17
数据分析,17
数据安全,17
互联互通,17
互联网医疗,17
数字孪生,16
就医体验,16
智慧后勤,16
患者体验,15
医联体,15
医院信息系统,15
财务信息化,15
BIM技术,15
医院建设,14
应用,13
建设,13
医院建筑,13
智慧运维,13
健康管理,13
数据共享,13
BIM,13
绩效考核,12
医院信息化建设,12
信息化管理,12
信息平台,12
建筑信息模型,12
医疗服务质量,12
智慧化管理,11
医疗行业,11
远程会诊,11
智能化系统,11
医患关系,11
医疗管理,11
智慧药房,11
管理,11
人才培养,11
人脸识别,11
移动支付,10
移动互联网,10
绿色医院,10
一站式服务,10
患者就医体验,10
医疗健康,10
大数据分析,10
患者满意度,10
信息化平台,10
数字化医院,10
现代医院管理制度,10
流程再造,10
安全管理,10
机器学习,10
可持续发展,9
自助服务,9
医院后勤管理,9
云计算技术,9
医疗资源,9
医院后勤,9
运维管理,9
一体化,9
深度学习,9
新型冠状病毒肺炎,9
全生命周期,9
医疗物联网,9
数据治理,9
智慧护理,8
智慧消防,8
医疗,8
区块链技术,8
标准化,8
集成平台,8
智慧财务管理,8
数据挖掘,8
智慧型医院,8
医院财务,8
患者服务,8
数据管理,8
学科建设,8
公立医院改革,7
医疗资源配置,7
医改,7
系统架构,7
智慧化建设,7
信息服务,7
文化建设,7
医院高质量发展,7
健康医疗大数据,7
云平台,7
信息共享,7
医疗资源整合,7
医院档案,7
公立医院高质量发展,7
医疗质量管理,7
系统集成,7
智能建筑,7
发展前景,7
成本核算,7
医疗效率,7
管理会计,6
环境保护,6
医院智慧财务,6
能源管理,6
创新,6
互联网技术,6
电子病历系统,6
微信公众号,6
服务质量,6
资产管理,6
医院运营管理,6
人力资源,6
全生命周期管理,6
护理,6
现代化医院,6
财务转型,6
预约诊疗,6
远程医疗服务,6
医疗技术,6
智慧服务分级评估,6
中医医院,6
智慧运营,6
医疗资源共享,6
档案管理,6
互联网诊疗,6
流程优化,6
电子健康档案,6
算法,6
可视化,6
实践,6
智慧,6
区块链,6
药学服务,6
自动化,6
信息化技术,6
应用场景,6
云服务,6
预算管理,6
数字经济,5
转型,5
智慧医院管理,5
气候变化,5
风险控制,5
消防系统,5
信息管理,5
管理平台,5
智慧医保,5
健康中国,5
资源整合,5
智慧交通,5
智慧养老,5
智慧社区,5
体系架构,5
人工智能技术,5
医疗服务模式,5
顶层设计,5
可穿戴设备,5
便民服务,5
5G网络,5
报销模式,5
多院区,5
发热门诊,5
后勤信息系统,5
态势感知,5
安全运营,5
智慧党建,5
构建,5
口腔医院,5
施耐德电气,5
智慧档案,5
无线网络,5
智慧财务系统,5
管理模式,5
业务流程,5
智慧平台,5
医院智慧管理,5
设备管理,5
医院发展,5
医院图书馆,5
医疗建筑,5
三甲医院,5
精准医疗,5
数字技术,5
综合布线系统,5
医用耗材,5
医疗联合体,5
内控管理,5
智慧财务建设,5
人力资源管理,5
科技创新,4
医疗产业,4
财务会计,4
新基建,4
PEST分析,4
技术应用,4
运营效率,4
SWOT,4
网络安全技术,4
物业管理,4
医疗系统,4
质量控制,4
联想集团,4
民营医院,4
信息化质控,4
医养结合,4
设计,4
医疗数据,4
系统设计,4
大数据技术,4
智能化设计,4
智慧建筑,4
平战结合,4
医院智慧服务,4
决策支持,4
常态化疫情防控,4
能耗管理,4
远程诊断,4
医院智慧财务管理,4
数字化工具,4
工作效率,4
微信,4
护理管理,4
PPP模式,4
医院财务管理,4
患者中心,4
安全,4
医疗卫生,4
质量管理,4
节能减排,4
大型医院,4
5G网络技术,4
隐私保护,4
大数据平台,4
ChatGPT,4
会计信息化,4
远程手术,4
问题,4
对策,4
信息安全保障,4
物流系统,4
能源,4
发展趋势,4
专科医院,4
智慧结算,4
体系建设,4
门诊服务,4
节能降耗,4
健康教育,4
血液质量,4
战略合作,4
RFID,4
数字医院,4
智能机器人,4
数据集成,4
远程诊疗,4
后疫情时代,4
智慧工地,4
医疗安全,4
电子档案,4
成本控制,4
公共卫生服务,4
智慧医疗服务,4
医学科技创新,4
智能化技术,4
动态管理,4
财务智能化,4
财务风险,4
全面预算管理,4
移动智慧医院,4
医疗数字化,4
资源共享,4
医疗创新,4
建设方案,4
智能化管理,4
现代医院管理,4
互联网+智慧医疗,4
智慧物流,4
5G智慧医院,4
智慧后勤管理,4
医疗技术创新,3
智慧运维平台,3
第三方支付,3
资金安全,3
医技检查,3
智慧金融,3
能源管理系统,3
设备运维管理,3
临床决策支持系统,3
临床数据中心,3
建筑节能,3
移动计算技术,3
医疗应用管理,3
决策支持系统,3
应用安全,3
质量与信息化,3
规划设计,3
移动办公,3
三位一体,3
建筑智能化,3
价值医疗,3
中央空调系统,3
医疗设备管理,3
系统,3
疾病诊断相关分组,3
节能设计,3
智慧停车,3
智能导诊,3
边缘计算,3
虚拟化,3
微信支付,3
互联网+技术,3
医院档案管理,3
安全生产,3
就医流程,3
新冠疫情,3
楼宇自控系统,3
医疗建筑设计,3
供应链管理,3
医学信息学,3
指标体系,3
门禁系统,3
医疗质量控制,3
数字化医疗,3
综合医院,3
医疗机器人,3
闭环管理,3
医共体,3
全民健康信息化,3
家庭医生签约服务,3
医院信息标准化,3
区域医疗中心,3
医疗卫生服务体系,3
AI,3
智能医疗,3
基础设施,3
健康大数据,3
全生命周期健康管理,3
云医院,3
政府会计制度,3
医院经济管理,3
智慧安防,3
医院信息化平台,3
生活质量,3
基层医院,3
医疗体制改革,3
三级甲等综合医院,3
药事服务,3
生成式人工智能,3
平行智能,3
数字医生,3
医疗模式,3
数字化管理,3
5G时代,3
药事管理,3
健康中国战略,3
智慧财务体系,3
医院门诊,3
节能管理,3
运维效率,3
经济效益,3
PDA,3
用药指导,3
医疗质量安全,3
医联体建设,3
发展路径,3
优化设计,3
网络架构,3
医院文化,3
智慧后勤平台,3
内部控制制度,3
空间管理,3
区域医疗,3
医院后勤服务,3
智慧物流系统,3
互联网+时代,3
管理策略,3
现状,3
实施路径,3
医疗人工智能,3
评价指标,3
建设路径,3
就医服务,3
系统建设,3
智慧图书馆,3
射频识别技术,3
解决方案,3
财务,3
数据标准化,3
监控平台,3
模式,3
固定资产,3
无纸化,3
知识库,3
智慧护理服务模式,3
网络安全体系,3
医疗发展,3
智能分析,3
微服务,3
医院感染,3
CiteSpace,3
智慧药学,3
智慧财务报销,3
构建策略,3
耗材管理,3
可视化分析,3
知识图谱,3
医院信息平台,3
工业4.0,3
应急救援,3
数据平台,3
财务效率,3
财务人才,3
运维体系,3
智慧后勤服务平台,3
国家医学中心,3
绩效管理,3
应用效果,3
智慧病历,3
信息孤岛,3
发展现状,3
公共卫生事件,3
运维平台,3
医德医风,3
视频监控系统,3
管理系统,3
平台建设,3
模块化,3
医疗服务体验,3
物流,3
智慧手术室,3
社会效益,3
业财一体化,3
传染病,3
医院精细化管理,3
银医直联,3
监控系统,3
服务模式,3
医疗服务体系,3
绿色智慧医院,3
室内定位,3
医院预算管理,3
智能制造,3
网络建设,3
全光网络,3
人文医院,3
自助机,3
业务流程再造,3
医企联合,3
运维,3
建筑设计,3
新冠肺炎,3
分级评估标准体系,3
医疗费用,3
互联网＋,3
精细化,3
SWOT分析,3
健康管理平台,3
资源配置,3
数字化建设,3
手术追溯,2
后勤运维平台,2
音视频,2
智慧后勤保障,2
智慧医疗共享,2
智慧数据平台,2
需求调研,2
三级综合医院,2
门诊,2
BIM运维,2
医保管理,2
网络规划,2
应用技术,2
智慧医院平台,2
BIM 竣工模型,2
智慧互联网医院,2
医疗产业链,2
项目管理,2
就诊流程优化,2
智能化建设,2
信息机房,2
PACS系统,2
信息化系统,2
智慧化医院,2
人才发展,2
管理创新,2
就诊流程,2
无形资产,2
医疗信息化建设,2
节能控制,2
安全防范,2
老年友善医院,2
电子政务,2
精益运营,2
云门禁,2
无感支付,2
预约挂号,2
绩效评价,2
建设策略,2
文本挖掘,2
新时代,2
医疗保健,2
分级评估,2
服务,2
医疗应用,2
数据库建设,2
系统开发,2
电子技术与软件工程,2
产业变革,2
传感器,2
慢性病,2
系统应用,2
传染病医院,2
多院区管理,2
医用耗材管理,2
多中心调研,2
收费窗口,2
统一对账平台,2
医院消防,2
智能管理,2
安全保障,2
运营成本,2
移动互联,2
第五代移动通信技术,2
视频监控,2
报警管理,2
医院财务转型,2
满意度调查,2
能耗分析,2
政策法规,2
医保报销,2
药品流通,2
医疗服务品质,2
组网方案,2
健康中国行动,2
十四五规划,2
危化品管理,2
后勤信息化,2
人工智能辅助诊疗,2
科研,2
隐私安全,2
组网设计,2
切片技术,2
移动边缘计算,2
线上支付,2
医疗设计,2
绿色建筑,2
5G医疗,2
精益管理,2
病案复印,2
服务体系,2
护理信息化,2
虚拟化技术,2
专科建设,2
医院安防管理,2
医院智能化系统,2
网络安全挑战,2
健康档案,2
碳中和,2
财务数字化转型,2
社区,2
党建引领,2
糖尿病,2
大健康,2
通用人工智能,2
医学基础模型,2
医疗场景工程,2
医用操作系统,2
智能医学,2
财务价值,2
装配式建筑,2
优质医疗资源,2
智能技术应用,2
降本增效,2
未来医院,2
公立医院绩效考核,2
运行管理,2
收费系统,2
建设现状,2
运营策略,2
城市管理,2
智能交通,2
智慧节能,2
血液安全,2
工会,2
医疗保障信息平台,2
智慧工会,2
蓝牙,2
数字化改革,2
5G通信技术,2
后勤,2
重大项目管理,2
精益建造,2
智慧后勤系统,2
医院物业服务,2
标准化建设,2
患者安全,2
科研创新,2
医患友好度,2
失禁,2
网络安全管理,2
网络安全设计,2
信息化战略,2
医疗废物,2
智慧馆员,2
韧性医院,2
预约诊疗制度,2
人性化设计,2
服务创新,2
医院运营效率,2
医院运营管理决策系统,2
AI技术,2
智慧院区,2
应急处理能力,2
医患互动,2
关键技术,2
优势,2
智慧血液,2
用户管理,2
转型路径,2
支付宝未来医院计划,2
院外关怀系统,2
智慧型,2
软件设计,2
人工智能+,2
体系,2
卡码融合,2
流程管理,2
运行模式,2
线上诊疗,2
智慧服务平台,2
病种控费,2
医保违规,2
综合监控,2
设备,2
智能家居,2
肿瘤医院,2
研究型医院,2
智能物流,2
医学中心,2
最多跑一次改革,2
诊间结算,2
数据质量,2
医药卫生体制改革,2
基层医疗卫生服务,2
微信平台,2
卷积神经网络,2
上海,2
转型升级,2
微信公众平台,2
智能,2
探索,2
自助支付,2
法律法规,2
智能医院,2
改进措施,2
改造,2
实战化,2
口腔医疗,2
智慧口腔医疗,2
智慧口腔医院,2
口腔医学,2
SPD信息化建设,2
三级库房管理,2
慢病管理,2
数据采集,2
内部审计,2
风险管理,2
药品,2
线上报销,2
智慧视频监控,2
智慧大脑,2
社区卫生服务中心,2
e-Healthcare,2
医保,2
服务水平,2
医疗服务新模式,2
采购管理,2
健康4.0,2
标准化管理,2
多网融合,2
计算机网络,2
疫情应用,2
家庭医生签约,2
医院智慧后勤管理,2
医保支付政策,2
智能时代,2
个性化,2
精细管理,2
重症医学,2
平台,2
风险预警,2
风险管控,2
医院智慧化,2
对账,2
智慧能源,2
转化医学,2
财务管理系统,2
医院物流系统,2
数据应用,2
智能建筑电气技术,2
智慧医疗服务体系,2
数据备份,2
三级公立医院,2
服务运营,2
医疗服务创新,2
创新型医院,2
国际交流,2
疾病预防控制,2
医学教育,2
三级医院,2
患者信息管理,2
智慧门诊就医体系,2
高值耗材管理,2
自动化药房,2
互联网供应链金融,2
支付宝,2
物联健康,2
医疗信息系统,2
数字化平台,2
数据资源管理,2
发展战略,2
SWOT分析法,2
机器人,2
健康服务,2
RFID技术,2
县级公立医院,2
数据,2
平台化,2
金融服务,2
便民惠民,2
大数据时代,2
辅助决策,2
后勤保障,2
国际合作,2
互联网医疗服务,2
临床科研,2
配送,2
科研管理,2
智慧病区,2
智慧财务管理系统,2
信息化应用,2
数字化技术,2
会计管理,2
领导力,2
管理绩效,2
业务处理效率,2
风险防范,2
信息一体化,2
数据分析与预测,2
5G应用,2
后勤建设,2
医院运维,2
计算机工程,2
机电控制,2
满意度,2
门诊流程优化,2
床旁结算,2
掌上智慧医院,2
医院药学,2
信息化体系,2
住院结算,2
流程改造,2
智能系统,2
医院智能化,2
制度建设,2
病案管理,2
Hadoop集群,2
电子处方,2
健康扶贫,2
公立医院综合改革,2
健康城市,2
效果,2
智慧护理平台,2
药品研发,2
分诊系统,2
接口管理,2
智能运维,2
平疫转换,2
卫生服务模式,2
智慧健康,2
医疗机构,2
智慧建造,2
成本管理,2
新冠肺炎疫情,2
PON网技术,2
POL全光网,2
收费处,2
收费管理系统,2
党建,2
社区医院,2
以人为本,2
财务报表,2
财务审计,2
分析,2
IT基础设施,2
电子病历共享,2
综合水系统,2
医院服务,2
医保基金监管,2
网络系统,2
建设标准,2
护理质量,2
数据安全保障,2
移动护理信息系统,2
路径,2
医疗健康物联网,2
妇幼保健院,2
统一视频服务平台,2
后勤设备,2
预算编制,2
预算执行,2
未来,2
HRP系统,2
研究现状,2
知识体系,2
规则引擎,2
平行医院,2
数字健康,2
多学科诊疗,2
发展规划,2
功能,2
智能技术,2
物资管理系统,2
财务管理信息化,2
会计核算,2
固定资产管理,2
用户体验,2
服务平台,2
5R模型,2
技术创新,2
医学影像信息系统,2
医学影像,2
实施效果,2
精准预约,2
互联网时代,2
政策诉求,2
县医院,2
医疗健康信息互联互通,2
智慧应用,2
智慧财务报销系统,2
医疗市场,2
医疗资源下沉,2
发展,2
信息流,2
妇科,2
经济管理,2
对账平台,2
数据模型,2
服务系统,2
数据交换,2
智能监控,2
精品医院,2
医疗健康信息化,2
成都,2
智慧中药房,2
日间手术,2
人机协同,2
效率,2
医患沟通,2
后勤服务,2
智城模式,2
医院信息管理系统,2
财务管理模式,2
移动护理终端,2
安全性,2
计算机技术,2
主数据管理,2
医院数字化,2
支付模式,2
研究热点,2
团体标准,2
文献计量法,2
同质化,2
APP,2
医院智能化建设,2
临床信息系统,2
数据驱动,2
数据可视化,2
慢性病管理,2
预防式维护,2
医疗流程优化,2
指标,2
数据湖,2
射频识别,2
财务职能转变,2
智能分析机器人,2
财务信息化建设,2
AI+医疗,2
安防系统,2
临床路径管理,2
ODR,2
患者为中心,2
医院智慧档案,2
智慧仓储,2
医疗影像云平台,2
手术质量,1
智慧化运营体系,1
医学人才培养,1
疾病防治网络,1
品牌传播,1
数智治理,1
科大新医学,1
心血管病管理,1
医院后勤数智化管理,1
医院智慧化建设,1
老龄化,1
无接触式,1
自动化预约,1
无线烟感报警系统,1
雷神山医院,1
NB-IoT技术,1
医院食堂,1
重点模块,1
HIMSS认证,1
数据流动,1
质量与安全,1
医疗健康服务体系,1
公立医院管理,1
智慧办公系统,1
智能化系统设计,1
后勤服务管理,1
数智化平台,1
私有云服务,1
建模,1
大型综合医院,1
门诊部,1
布局,1
流线,1
设计研究,1
基金监管,1
互联网+健康医疗,1
AI陪诊,1
医疗协作,1
医院会计,1
智慧化工作,1
信息化研究,1
5G移动通信,1
部署应用,1
特点,1
医院暖通系统,1
智慧运行,1
节能措施,1
数据采集技术,1
数据分析技术,1
自动控制技术,1
设备优化,1
卫生事业改革,1
法规建设,1
HIS,1
电气自动化,1
故障预防,1
检修技术,1
智慧运维系统,1
集成分析,1
银川市,1
医疗监管,1
复合型人才,1
人才队伍建设,1
新技术能力,1
服务能力,1
沟通能力,1
协调能力,1
口头表达能力,1
KPI考核,1
实习生制度,1
自主研发,1
项目轮岗,1
疾病预测模型,1
智慧医疗系统,1
KNN算法,1
DBSCAN算法,1
业务性能监控,1
叫号系统故障分析,1
业务系统故障分析,1
蠕虫病毒检测,1
内网爬虫检测,1
Web弱口令审计,1
一体化后勤服务,1
产业升级,1
斯马特物业,1
病案首页,1
就医行为,1
全景预约平台,1
数字骨科技术,1
设计概念,1
顶层规划,1
评级标准,1
信息技术系统基础设施,1
医院信息运维平台,1
企业级移动互联,1
业务创新,1
医疗行业整合方案,1
ISV,1
UPS产品,1
电子商务平台,1
工作结构,1
工作场景,1
优化保障,1
中国医疗设备,1
西门子医疗,1
AED,1
迈瑞生物医疗电子,1
SunLife医疗,1
急救医学,1
医学工程学,1
一体化信息产品,1
一体化医疗信息团队,1
赋能,1
组织变革,1
团队建设,1
聚合支付,1
缴费,1
医院智慧服务分级管理,1
医疗服务信息化,1
医疗收费,1
后勤综合保障系统,1
全流程闭环,1
状态监测,1
大型影像类,1
5G长者守护计划,1
长者服务卡,1
数字化适老,1
合并症,1
伴随病,1
泌尿系统,1
宽带中原,1
信息惠民,1
智慧旅游,1
电子商务,1
数字化城市管理,1
智慧养老云平台,1
医院运营,1
经济运营闭环管理,1
医疗收入质量,1
医疗成本控制,1
绩效考核激励机制,1
资源配置优化,1
学科改革,1
智慧化医院运营管理,1
EPC项目机电总承包管理,1
室外管网BIM+无人机管理,1
医疗专项深化设计,1
装配式设备机房预制管段标准化,1
预埋预留重难点,1
垃圾被服物流技术,1
EPC项目物资招采管理,1
材料智慧仓储管理,1
机电智慧建造,1
MDT模式,1
多学科诊疗体系,1
循环立体交通模式,1
分布式能源技术,1
一体化机房配置,1
IP化医用系统,1
绿色建筑设备管理系统,1
IBMS集成系统,1
能耗管理与计量系统,1
机电数字化加工厂,1
机电智慧仓库,1
BIM+VR+AR虚拟现实和增强现实技术,1
三维激光扫描技术,1
无人机技术,1
智慧建造指挥中心,1
BIM+智慧工地平台,1
智能化施工流水作业线,1
数字中国BIM+智慧工地示范基地,1
四川省绿色施工示范工程,1
心理健康问题,1
跟踪管理,1
绿色医疗,1
资源节约,1
智慧化升级,1
人性化服务,1
影像检查,1
战略决策,1
财务工作效率,1
财务信息化人才,1
科研管理系统,1
RFID射频识别装置,1
6LoWPAN通信,1
IPv6协议,1
多租户,1
终端,1
安全建设,1
数据化管理,1
医院机房,1
高效基础设施,1
智能化门诊预约系统,1
医学信息,1
自动分类技术,1
供配电解决方案,1
医院智慧通行,1
健康码核验,1
医院安检管理,1
病区访客管理,1
危急值,1
奋斗,1
新中国成立,1
70周年,1
5G广电,1
环境绩效,1
自主招标采购模式,1
解读,1
旧环境,1
智能卡,1
系统平台,1
局限性,1
商业银行,1
市场营销,1
银医合作,1
4R营销理论,1
建设标准体系,1
政策研究,1
应用案例,1
重庆,1
微信智慧生活,1
腾讯战略投资,1
医疗健康领域,1
丁香园,1
微信系统,1
医生资源,1
华为云,1
智慧科技,1
不动产管理,1
智慧园区,1
AI算法,1
合作共赢,1
不动产数字化管理,1
资产经营,1
智慧物管,1
不动产全链条,1
基础数据数字化,1
增值服务,1
配套服务,1
物业管理信息化,1
资产管理信息化,1
城市开发,1
物业营理,1
价值链协同,1
服务应用,1
管理应用,1
消防应用,1
信息推荐,1
多层次检索机器,1
智慧管理人才培养,1
病区系统,1
无线输液智能监控,1
体征采集,1
楼宇自控,1
安全质量管理,1
施工培训,1
建筑施工,1
施工现场监督,1
医护人员培训,1
程序设计,1
自动化控制,1
技术变革,1
物联协同运营平台,1
可穿戴,1
定位,1
射频,1
资源调度,1
事件处置,1
故障排除,1
运营维护成本,1
LIFE流,1
医疗供给需求,1
智慧化科技,1
智慧医院信息化建设,1
医疗产业革命,1
智慧医院解决方案,1
数字化战略,1
智慧能源系统,1
智慧运维技术,1
改进模糊聚类,1
复杂网络链路,1
链路预测,1
数学建模,1
综合,1
门诊医疗,1
系统构建,1
安全联动,1
中国速度,1
建筑科技,1
智慧供应链模式,1
零库存,1
科技量值,1
医院评价,1
区域卫生信息平台,1
PDSA改进模型,1
自动化对账,1
异常交易处理,1
电子化交账,1
智慧出入口系统,1
时间驱动作业成本法,1
智能化医疗,1
POCT血糖管理,1
移动数字医院,1
医疗生态重构,1
安防管理平台,1
卫星导航,1
GIS地图,1
医疗卡,1
HIS系统,1
医疗服务改进,1
综合智慧能源,1
工况寻优,1
电气设计,1
供电安全,1
节能,1
数字智慧,1
品牌战略,1
抗c-mpl抗体,1
TPO,1
c-mpl受体,1
信号通路,1
免疫反应,1
糖皮质激素,1
免疫抑制剂,1
利妥昔单抗,1
重组人血小板生成素,1
造血干细胞移植,1
原发性干燥综合征,1
血小板减少,1
抗疫战役,1
数据仓库,1
信息整合,1
政府引导,1
重要作用,1
智慧医学,1
融合,1
延展,1
智能数字网格,1
手术室药房,1
药品管理,1
分级模式,1
成效,1
品质医疗,1
全国五一劳动奖状,1
JCI认证,1
HIMSS EMRAM 6级,1
CCPC认证,1
慢病居家健康管理,1
心血管急救培训中心,1
卫生健康服务体系,1
爱国卫生运动,1
医疗健康信息互通共享,1
检查检验结果互通共享,1
安全管理体系,1
学习考核,1
成本分析,1
管理驾驶舱,1
报事报修,1
运送管理,1
设备台账管理,1
数字食堂管理,1
医废管理,1
医疗服务改善,1
教学,1
临床研究,1
患者服务流程,1
线上流程,1
诊前节约候诊时间,1
诊中诊后提升效能,1
互联网+医疗还需完善,1
适老服务建设,1
网络安全建设,1
常态化,1
区域医疗网络,1
患者立场,1
便捷性,1
患者接受程度,1
财务内控,1
合规管理,1
财务机器人（RPA）,1
预算费用一体化系统,1
银医直联支付系统,1
智能对账平台,1
北京积水潭医院新龙泽院区,1
现代化三级甲等综合医院,1
城市客厅,1
双医疗主街,1
中心下沉庭院,1
声环境模拟技术,1
成本管控,1
科研教学,1
医院提质增效,1
IT技术,1
医院核心竞争力,1
急诊医疗服务,1
智能CT辅助影像诊断,1
眼底疾病多模态智能筛查,1
国际医学标准ICD10,1
SNOMED CT,1
CPT,1
邮寄服务,1
条码技术,1
医院物资管理,1
植入物,1
临床共享服务,1
智慧护理信息系统,1
中医护理,1
就诊,1
基础架构云化,1
医疗云桌面,1
反脆弱性,1
信息集成平台,1
云桌面技术,1
IDV架构,1
医疗卫生信息化,1
居民健康信息,1
医保信息,1
人口健康档案,1
云存储,1
IPV6,1
智慧医疗卫生服务体系,1
专病数据库,1
专病研究系统,1
就医模式,1
DRG 付费,1
智慧财务解决方案,1
医保支付方式改革,1
互联网+ 时代,1
DRG,1
医保支付,1
医保费用管理,1
DRG预付制,1
绿色智慧型医院,1
后勤支持保障,1
资源利用生态化,1
能源利用高效化,1
诊疗流程信息化,1
院区环境园林化,1
医学人文教育,1
临床医师,1
规范化培训,1
医学人文素养,1
智慧档案存储,1
安全隐患,1
数据接口安全,1
API接口,1
数据安全风险,1
数据传输安全,1
医疗服务互联网化,1
API接口全生命周期管理,1
接口风险实时监控,1
接口安全运营管控体系,1
康养,1
品牌策略,1
诚信服务,1
药食同源,1
网络医生,1
全国一卡通,1
糖尿病足,1
自我管理能力,1
家庭,1
标准体系,1
安全高效,1
数字病理,1
地市级医院,1
病理,1
后勤规划,1
探析,1
临床输血,1
用血安全管理,1
血液信息化,1
智能合约,1
血液监管系统,1
血液全生命周期管理,1
物联网环境,1
医院管理效率,1
提升机制,1
计算机软件,1
数据规范性,1
数字赋能,1
科研效率,1
医保移动支付,1
信用就医,1
刷脸支付,1
诊疗服务,1
大数据科研分析平台,1
临床科研协同发展,1
区域三甲医院,1
视网膜筛查,1
人工智能筛查,1
高血压,1
民族特色,1
问题分析,1
药房模式,1
攻防实战,1
安全操作流程,1
超大型医院,1
卓越中心,1
大综合,1
标准化设计,1
医疗未来时,1
政策文件,1
词频分析,1
智能建造,1
工业化生产,1
智能化施工,1
智能安全帽,1
智能建造体系,1
医院智能体,1
全场景智慧,1
技术要点,1
建设对策,1
健康福祉,1
专家团队,1
重点学科,1
医疗教学科研,1
项目建设,1
智能结算,1
智慧消防技术,1
医院消防安全,1
消防系统建设,1
消防水压监控,1
消防末端试水监控,1
消防防排烟监控,1
建筑消防设施智能管理,1
电气火灾监控,1
消防设备电源监控,1
应急照明及疏散系统,1
防火门监控系统,1
电气综合数据统计系统,1
医院现代化,1
多元化模型,1
多院区运营模式,1
数智化转型,1
AI+5G,1
VR/AR,1
人工智能+医疗,1
箱式物流,1
气动物流,1
医院大脑,1
云桌面,1
终端管理,1
虚拟桌面基础架构,1
智能桌面虚拟化架构,1
DRG付费方式,1
结余分析,1
智慧药房设计,1
智慧武汉,1
城市建设,1
公共服务,1
环保,1
城市服务,1
文化,1
公共安全,1
商业活动,1
应用体系,1
产业发展,1
智慧电子政务,1
血液配送,1
血库前移,1
智慧农业,1
智慧小区,1
精细化建设,1
STEAM教育,1
数据库技术,1
检验查询,1
微信小程序,1
全栈开发,1
智能电器,1
数字化配电系统,1
ABB AbilityTM,1
智慧电力,1
供配电管理,1
电气故障,1
供电可靠性,1
用电安全,1
能耗节约,1
设备健康管理,1
预测性维护,1
资产健康管理,1
移动运维,1
智慧配电管理系统,1
靶向性健康管理,1
可移动配电管家,1
劳动竞赛,1
技能提升,1
智慧工会平台,1
医保结算,1
入院登记,1
目录对照,1
出院结算,1
工会职能,1
互联网+工会,1
物联卡,1
财政支持,1
中医药发展规划,1
核酸检测,1
临床急需药品,1
共建型,1
第三方机构,1
入院管理,1
病房智能化,1
成本,1
儿童医学集群,1
智慧型儿童医院,1
多学科合作,1
儿童医学亚专科,1
儿童健康保健,1
儿童疑难危重症救治,1
儿童手术基地,1
儿童医生培训,1
数字化档案,1
OCR可识别技术,1
档案信息化建设,1
数字档案信息资源,1
智慧档案建设,1
档案资源共享,1
管理数据,1
方案,1
物联网＋,1
一网无限,1
医疗区域中心,1
综合服务能力,1
智慧化流程,1
医疗服务流程优化,1
医院物业精细化管理,1
环保保洁材料,1
医院交叉感染预防,1
绿色环保,1
多元化发展,1
互联网+智能建筑,1
智慧教育,1
智慧场馆园区,1
锐捷网络,1
通信网络,1
智慧网络解决方案,1
智能建筑信息化,1
医院智慧管理信息系统,1
医疗设备资产管理,1
资产标签,1
一体化管理,1
资产评价体系,1
院区管理集团化,1
国产化升级,1
运营效益,1
就医流程优化,1
信息技术安全,1
智慧医院发展,1
伤口造口,1
专科,1
立体防护模式,1
分级保护,1
分层保护,1
分域保护,1
动态保护,1
医院智慧型,1
医院综合档案,1
新医疗改革,1
毕节实践,1
智慧医院图书馆,1
医疗行业专网,1
远程医疗系统,1
防疫常态化,1
医院门诊部,1
管道预制,1
成本节约,1
私有云建设,1
二层互联,1
指挥中心,1
国际经验,1
hrp信息化建设,1
新政府会计制度,1
财务共享,1
财务预算,1
轨道物流,1
创新实践,1
PDSI,1
中医院信息化,1
低温冷冻展示柜,1
电加热融霜,1
节能分析,1
能耗降低,1
融霜控制,1
电子文件,1
综合能源托管,1
能源服务改革,1
后勤管理创新,1
现代医院,1
智慧物联网,1
运用优势,1
运用范围,1
医院智慧档案管理,1
档案管理制度,1
儿童健康,1
医疗服务改革,1
医院智慧营养膳食移动点餐系统,1
电子化点餐,1
饮食医嘱,1
医学饮食,1
营养管理,1
膳食点餐规范化管理,1
营养膳食方案,1
饮食安全,1
系统运行环境,1
信息集成,1
通信协同,1
移动终端管理,1
安全态势感知,1
智慧血站,1
智慧献血,1
万达英慈国际医院,1
运行日志管理,1
软件部署,1
华南物业,1
健康服务业,1
公私合作,1
基础设施建设,1
融资模式,1
工程承包市场,1
资本运作,1
市场结构,1
RPA,1
患者预约预存服务,1
一站式住院服务,1
出入院服务,1
科普教育,1
医院智能配送机器人,1
自主充电控制系统,1
机器人自动充电,1
定位识别,1
对接方式,1
室内移动机器人,1
自定位技术,1
激光导航技术,1
电压监测,1
硬件设计,1
充电策略,1
智慧讯息平台,1
不良事件,1
过程管控,1
移动技术,1
LC理论,1
管理建设,1
混合云平台,1
云儿科医联体平台,1
医生智能培训系统,1
医学科研数据平台,1
儿科医疗资源,1
集成超越,1
创新发展,1
医疗建设,1
EPCO商业模式,1
环亚集团,1
人事档案管理,1
数据信息,1
财务风险预警,1
耗材,1
供应链,1
SPD,1
智能自动化导航小车,1
建设意义,1
政策工具,1
图书馆管理,1
自助借还,1
固定资产盘点,1
智慧空间,1
FM,1
维护管理,1
应急指挥,1
能源智能化,1
互联网＋时代,1
公立医院智慧后勤,1
建设与发展实践,1
医疗与卫生,1
医疗云,1
多维度服务,1
5G+智慧,1
平安医院,1
公安心向党,1
护航新征程,1
智慧平安医院管理服务平台,1
警医联动,1
预警防范,1
设计与实现,1
公立医院合并,1
信息系统融合,1
多卡合一,1
后勤综合管理平台,1
综合管理中心,1
智慧监狱,1
实践与思考,1
智能楼宇对讲解决方案,1
可视对讲系统,1
数字化医疗信息管理,1
低压电气系统解决方案,1
智慧校园,1
智能配电技术,1
一体化管理模式,1
科研转化,1
健康医院,1
All-in-One,1
人工智能医生,1
刷脸就医,1
智能问诊,1
智能应急指挥,1
智能仓储,1
智能配送,1
智能影像诊断,1
学科发展,1
人才竞争力,1
可视化管理,1
物流配送,1
医院信息管理HIS,1
床边结账,1
自助结账,1
移动结账,1
评级,1
医疗AI,1
资源使用效率,1
数据开源,1
监督学习,1
复合型人才培养,1
会计,1
社会经济,1
智慧化财务系统,1
PDCA分析法,1
集团化,1
便民利民,1
长三角一体化,1
区域医疗融合,1
麻醉科,1
手术室信息系统,1
可视化物联网,1
固定资产管控,1
医疗卫生体系建设,1
全科医学,1
中医传承,1
智慧赋能,1
物资管理,1
财务对账,1
影响,1
业务融合,1
心电图,1
智能医护,1
财务管控,1
资产报废,1
轻资产,1
门诊预约挂号,1
医生端移动查房,1
电气火灾,1
配电箱,1
自动灭火装置,1
结核病诊断,1
放射医生,1
胸部X线检查,1
医疗数据安全,1
新愿景,1
求是,1
美好,1
幸福,1
惠民政策,1
医院门诊结算报表,1
医院内部控制,1
经济增长极,1
数据集成平台,1
智能报表系统,1
商业智能报表工具,1
技术架构设计,1
云平台技术,1
网络安全系统,1
互联网业务系统,1
物联网系统,1
内网系统,1
现代化建设,1
科技化,1
运维安全,1
科研档案,1
服务型,1
党组织,1
物联感知,1
物联网云化,1
医疗服务模式变革,1
动环,1
智能电源分配单元,1
医疗混合云,1
输血信息系统,1
密码应用,1
多元化,1
超融合架构技术,1
档案数字化,1
数据隐私,1
政府政策,1
医疗安全管理,1
东华医为,1
IT系统快速上线,1
新冠肺炎数据查询,1
健康乐新型肺炎服务平台,1
互联网医院生态系统,1
国家全民健康保障信息平台,1
智慧健康大脑,1
iMedical Cloud云生态系统,1
智慧健康生态平台,1
数据处理,1
大数据云平台,1
伤口造口护理,1
社区医疗,1
护理管理创新,1
病房建设,1
护理业务,1
管理现状,1
管理方法,1
数据中心机房,1
设计与规划,1
机房建设,1
供配电系统,1
防雷接地系统,1
精密空调系统,1
新排风系统,1
环境监控系统,1
KVM系统,1
发展眼光,1
科技,1
宜居,1
民众幸福,1
信息社会,1
雄安宣武医院,1
京津冀协同发展,1
三级甲等医院,1
医疗健康保障,1
医疗综合体,1
智能建造技术,1
既有医疗场所,1
技术热点,1
国标图集,1
设计模式,1
IOT协同运营平台,1
医养大健康,1
养老企业联盟,1
智慧医养服务,1
标准化工作,1
科技赋能,1
行业合作,1
养老地产,1
智慧物业,1
数字化网络,1
口腔诊疗,1
医疗卫生服务体系规划,1
乡镇卫生院建设,1
国产医疗设备遴选,1
医疗卫生机构信息公开,1
政府和社会资本合作模式,1
行政许可事项公开,1
养老中心建设,1
区域医疗中心建设,1
中医药健康服务规划,1
社会办医,1
医院与养老院合作,1
医疗中心建设,1
中医药发展,1
微针胶囊,1
颅内压测量设备,1
仿生镜片,1
智慧升级,1
数字化时代,1
医疗新基建,1
医疗挑战,1
医疗机遇,1
IBM集成平台,1
商业智能分析系统,1
医疗决策支持,1
墨仓式打印机,1
无线打印技术,1
远程心电会诊系统,1
智能产品,1
健康管理数据,1
医疗资源分配,1
信创,1
中台,1
手术麻醉,1
文献计量分析,1
投入产出,1
供应保障,1
三维视频融合,1
措施,1
现代科技,1
危机管理,1
应用探索,1
全场景智能医院,1
输血安全,1
输血管理,1
稀有血型,1
输血反应,1
床旁血库系统,1
输血技术规范,1
输血医学实验室质量管理,1
临床用血管理,1
输血安全警示卡,1
输血科,1
网络平台设计,1
智慧医院网络安全,1
可视化呈现,1
RPA机器人,1
门诊就诊,1
智慧服务分级评估标准体系,1
真实世界数据,1
智慧互联,1
统计分析,1
跨省异地就医,1
医保外联信息系统,1
内生安全,1
外生安全,1
等保测评,1
高值耗材,1
二级库,1
手术室,1
区域智慧医疗,1
家庭自助健康监控,1
优化流程,1
儿童专科,1
门诊就医流程优化,1
健康苏州,1
科教强院,1
医疗卫生服务能力,1
精准化门诊就医平台,1
健康教育新模式,1
全预约管理,1
精细化分时段预约,1
储血设备,1
换道超车,1
医疗IT人才,1
医疗服务效率,1
医疗事故风险,1
医院管理水平,1
医疗信息化发展,1
电子档案管理,1
人员素质,1
医用气体工程,1
医用传呼对讲系统,1
技术更新换代,1
信息共享平台,1
数字化审计技术,1
安全风险,1
信息化运维,1
运维闭环,1
个人信息保护,1
医药卫生信息化,1
医疗保障体系,1
医疗卫生信息标准化,1
健康智能设备,1
精准医学,1
个性化医疗,1
医疗云平台,1
医学信息学基础理论,1
公民健康素养,1
医学智库,1
医药卫生数据分析,1
医学信息组织,1
医学信息利用,1
医学图书馆,1
医学信息教育,1
医学信息素养,1
医疗健康教育培训,1
健康科普知识,1
能源设备管理,1
节能寻优控制,1
VR虚拟现实技术,1
安全预警,1
能源利用效率,1
政策影响,1
医疗健康服务,1
财会监督,1
救援,1
临床需求,1
公共卫生体系,1
医护工作环境,1
挑战,1
精密空调控制系统,1
机房节能,1
绿色节能,1
智慧医院建设参考架构,1
智慧医院建设方法,1
智慧医院技术架构,1
智慧医院基本特征,1
智慧医院构成元素,1
智慧医院建设需求评估,1
智慧医院集成交付,1
智慧医院竣工验收,1
智慧医院安全保障体系,1
智慧医院生命支撑体系,1
智慧医院信息化IT系统,1
智慧医院物联网,1
智慧医院智能化技术,1
智慧医院互联网应用,1
智慧医院技术导航研讨会,1
智慧医院辅助设计,1
智慧医院自动化,1
智慧医院智能化,1
智慧医院中间件应用集成平台,1
财务信息系统,1
医院数据中心,1
康复医疗信息化,1
康复医疗工作发展,1
康复医疗信息化建设,1
网络安全等级保护制度,1
信息化支撑作用,1
医院信息标准化建设,1
智能医疗设备,1
智能辅助诊疗系统,1
药品追溯制度,1
处方信息,1
药品零售消费信息,1
财务人员素质,1
无线传感技术,1
嵌入式技术,1
药品智慧化管理,1
远程医疗智能化,1
公众号,1
患者流管理,1
医院品牌,1
智慧医院研究院,1
智慧医疗平台,1
智能手术分级管理系统,1
VTE智能防治系统平台,1
5G智能超声诊断云系统,1
智慧检验系统,1
门诊管理驾驶舱,1
SPD全链接4+N高值耗材管理模式,1
绿色技术,1
门诊无纸化,1
研究设计,1
应收账款分级分类风险评估,1
财务信息,1
公共卫生资源,1
医疗数据通道,1
线上线下资源整合,1
医疗服务能级提升,1
自助机具,1
数字鸿沟,1
医疗收费电子票据,1
国家电子医保凭证,1
医疗付费一件事,1
病区管理,1
健康信息共享平台,1
桡骨远端骨折,1
斜T型锁定加压钢板内固定,1
腕关节功能,1
掌倾角,1
尺偏角,1
骨折愈合时间,1
术后恢复,1
并发症,1
生物力学,1
手术入路,1
国有资产,1
有效措施,1
政策推动,1
健康中国2030,1
医务人员服务,1
智慧绩效管理,1
平衡计分卡,1
降本控费,1
智能决策,1
高品质医院,1
高质量供给,1
医疗卫生服务,1
医疗设备资产,1
概念框架,1
TOA,1
TOC,1
物联网AP,1
E-WLAP800,1
移动门诊输液系统,1
婴儿防盗系统,1
医院银行账户,1
智慧城市运营,1
互联网+医疗服务,1
医学保障,1
医工保障模式,1
医院采购管理,1
综合保障模式,1
高效快捷精准化保障,1
杭州市,1
市属医院,1
调查分析,1
结算模式,1
临床会诊中心,1
双向转诊,1
信息化时代,1
财务人才队伍建设,1
风险防范机制,1
安全防护措施,1
维修管理,1
全流程管理,1
医药动态,1
皮下注射技术,1
西安杨森戈利木单抗注射液,1
全人源抗肿瘤坏死因子单克隆抗体,1
巴雷特食管症,1
食管癌风险,1
戒烟,1
新生儿胆道闭锁,1
智慧传输,1
临床检验,1
区域医疗信息协同平台,1
扁平化管理,1
孤岛效应,1
档案开发利用,1
微信生态,1
档案服务功能,1
医疗共同体,1
档案智慧社区,1
信息系统维护,1
硬件设施检查,1
软件系统安全,1
人为因素防范,1
安全维护机制,1
三融合,1
医院智慧平台,1
远程医疗协同,1
后勤运营,1
档案,1
区域医疗模式,1
合肥市,1
价格管理,1
资源使用效能,1
分级授权,1
不相容岗位相分离,1
运营风险,1
审计管理,1
战略目标,1
临床神经科学,1
数据赋能,1
全成本管理,1
医学文化,1
医学转化,1
疑难重症救治,1
健康素养提升,1
高效诊疗,1
AI模型,1
一卡通整体解决方案,1
访客二维码,1
反向寻车导航系统,1
手机门禁系统,1
智能卡一卡一密方法,1
叙事医学,1
医学人文,1
临床诊疗,1
医学伦理,1
医学实践,1
医学发展,1
装配式,1
医院项目,1
人员信息采集系统,1
图像处理,1
远程看诊,1
自动报警系统,1
临床决策系统,1
区域卫生系统,1
家庭健康系统,1
医院预约挂号系统,1
Web Service,1
高职教育,1
学校-医院交互式教学模式,1
5G智慧病房,1
智能化医学模拟系统,1
内科护理学,1
实践教学,1
运营信息化建设,1
北京地区,1
现况分析,1
数字名城,1
智慧西安,1
智慧管廊,1
新型智慧城市,1
智能建筑行业,1
综合布线,1
智慧会议系统,1
楼控系统,1
网络设计解决方案,1
乳腺纤维瘤,1
围手术期,1
整体护理,1
数据标准,1
医疗变革,1
智慧医疗体系,1
智慧生态圈,1
医疗数据融合应用,1
肿瘤专科医院,1
馆员专业背景分析,1
创新馆员人才培养,1
药学监护,1
精准化医疗,1
Rh血型抗原,1
不规则抗体,1
抗体鉴定,1
输血,1
医疗供应链金融,1
银行,1
医学工程,1
作用,1
智能终端,1
医疗信息互联互通,1
CDSS,1
临床知识库,1
审计日志,1
安全策略,1
网络化建设,1
云计算服务,1
临床实践,1
系统体系化设计,1
医疗信息数据,1
医疗信息系统技术,1
动态业务需求,1
静态业务需求,1
临床诊疗环境,1
数字化业务中台,1
数字化数据中台,1
数字化技术中台,1
新医改,1
现状分析,1
云影像信息系统,1
架构,1
应用策略,1
建筑设备监控系统,1
建筑能耗计量子系统,1
手术室洁净空调自动控制系统,1
医疗专用弱电系统,1
临床创新,1
精准化,1
肺癌早筛,1
智能可穿戴设备,1
手术机器人,1
复合手术室,1
产学研医融合,1
云门诊,1
医疗管理变革,1
医疗资源利用率,1
医疗协同效率,1
视频问诊,1
远程教育,1
远程医疗信息服务,1
远程医学服务,1
医疗+互联网,1
就医新格局,1
患者精细化管理,1
智慧运营管理,1
医药物流仓储监管,1
医疗监护,1
银医直连,1
智慧后勤运送平台,1
临床满意度,1
运送服务,1
医院运送,1
运送效率,1
运送安全,1
运送监管,1
运送数据统计,1
医疗导引系统,1
流动人口,1
公共服务均等化,1
城市认同感,1
社会融入,1
控制体系,1
二级医院,1
综合性医院,1
持续改进,1
省级妇儿医院,1
影像科,1
RIS系统,1
数据化,1
人员定位,1
超宽带,1
智能监护,1
UWB技术,1
智慧制造,1
智慧物联,1
医疗物联网系统,1
智能陪护,1
临床信息交互,1
智能物联监测,1
智慧护理管理,1
智能床旁交互,1
后勤能源信息化管理,1
智慧能源管理平台,1
双碳,1
智慧一体化平台,1
能源物联网,1
能耗,1
能效,1
安全用电,1
全面领导,1
长效机制,1
会计创新思维,1
十二指肠淤滞症,1
X线造影,1
CT血管成像,1
超声诊断,1
肠系膜上动脉血管造影,1
诊断方法,1
治疗,1
医学大数据,1
实践路径,1
运送机器人,1
移动式救援医院,1
应急医学,1
聚类算法,1
郑州市中心医院,1
实现路径,1
医院智慧病房,1
装修改造,1
医疗质量提升,1
医疗环境改善,1
电视互动系统,1
IPTV,1
应急保障能力,1
基建装备价值,1
国有资产保值增值,1
智慧后勤运维服务,1
外包服务监管,1
营养膳食服务,1
物资供应管理,1
医疗业务信息系统,1
患者隐私保护,1
老龄化社会服务,1
财务运营管理,1
半监督联邦学习,1
数据流通,1
访问控制技术,1
金融行业,1
工控安全,1
船舶制造,1
世界一流,1
智慧型现代化医院,1
临床科研实力,1
人工智能应用,1
医疗设备研发,1
肝癌诊治,1
心血管疾病治疗,1
阿尔茨海默病研究,1
内镜技术,1
机器人辅助手术,1
肝移植技术,1
智慧医疗生态圈,1
国家区域医疗中心,1
安全防范系统,1
工业5.0,1
互联网云技术,1
紧急报警系统,1
智能化预警,1
医警联动,1
智慧管理平台,1
医院社会化服务,1
绩效KPI考核,1
频谱,1
医院门诊智能化,1
自助多功能一体机,1
医技检查预约,1
住院床位协调中心,1
PDCA,1
ISO20000,1
科教管理,1
苏州科技城医院,1
诊后管理,1
复诊,1
随访,1
处方外延,1
医疗流程再造,1
5G 医疗专网,1
编排,1
重构,1
后勤一体化服务平台,1
保丽云,1
管理决策,1
专业人才,1
管理机制,1
报销路径,1
控制系统,1
数字化信息技术,1
医疗服务模式创新,1
语音电子病历,1
人工智能影像医学,1
智慧急救,1
绩效指标,1
关键绩效指标,1
劳动生产率,1
满意率,1
员工流失率,1
绩效指标设计,1
互联网+BIM,1
医疗信息完整化,1
医疗业务流程,1
无源光局域网,1
F5G,1
OLT,1
ODN,1
ONU,1
执行力,1
智慧实验室,1
执行力文化,1
医院发展经验,1
中国电信,1
5G试验,1
5G创新,1
5G商用,1
5G基站,1
智能语音识别技术,1
医疗领域,1
医疗文书录入,1
疾病辅助诊断,1
医疗设备交互,1
导诊服务,1
诊后随访,1
智能语音,1
出院随访,1
二次供水,1
医院后勤信息化,1
后勤物资,1
物资供应链,1
构想,1
智慧报销系统,1
精益化管理,1
报销效率,1
报销流程,1
内控风险,1
QL医院,1
住院业务流程,1
设备状态评估,1
维保评价,1
医疗集团,1
临床思维,1
信息思维,1
党务档案,1
智慧型管理,1
资源协同化,1
分析处理智能化,1
党务档案管理人员的素质,1
存档标准,1
基础配套设施建设,1
党务档案智慧型管理模式,1
党务信息智能检索,1
档案信息安全管理,1
维护平台,1
医疗费用控制,1
健康水平,1
健康,1
门诊结算报表,1
智能交互,1
早期预警系统,1
早期评估,1
一键呼叫,1
产品架构,1
主导产业选择,1
AHP层次法,1
昭通,1
工业化初期,1
烟草,1
矿产资源开采加工,1
电力热力生产和供应,1
原煤开采加工,1
食品加工业,1
有色金属矿采,1
农副产品,1
中草药,1
土豆,1
魔芋,1
花椒,1
水果种植,1
核桃板栗产品,1
非银行网络支付业务,1
就诊提醒,1
结果查询,1
财务风险防控,1
无线移动诊疗技术,1
智能健康管理平台,1
施工工程项目,1
清收清欠,1
职责分配,1
考核机制,1
缴费模式,1
财务对账途径,1
监管,1
LoRa,1
中继器,1
微控制器,1
智慧管理模式,1
城乡共享,1
智慧财务管理体系,1
财务管理效率,1
财务信息安全,1
自助取药机,1
医院安防,1
医患矛盾,1
智能安防技术,1
AIOT技术,1
图像识别,1
安全技术防范系统,1
专科能力,1
内涵式发展,1
能效分析,1
科技改变医疗,1
超算中心,1
Data Services,1
财务工作,1
策略探索,1
人工智能+档案,1
智慧服务体系,1
智慧口腔,1
5G专网,1
大设备管理,1
小型医疗设备,1
智能联网传输系统,1
医疗设备信息化管理,1
数字化智慧医院,1
统一存储,1
创新管理,1
机遇和挑战,1
沃森肿瘤,1
医疗革命,1
医疗信息指挥中心,1
智慧护理中心,1
医疗运营系统,1
线上医疗质控,1
数字化超声诊断,1
移动X射线诊断,1
云架构,1
医疗IT解决方案,1
医院院长年会,1
中医医院建设,1
建筑管理,1
空间设计,1
手术排程,1
运筹学,1
工会信息,1
经验交流,1
医院工会创新,1
线上活动,1
工会业务,1
福利发放,1
宣传教育,1
健康促进,1
互动化,1
积分体系,1
职工参与,1
工会干部培训,1
活动交流,1
福利模块,1
宣传教育模块,1
健康模块,1
激励机制,1
职工互动,1
疫情应对,1
职工健康习惯,1
应急救援体系,1
医疗管理科学,1
科研经费管理,1
分级评价,1
内控体系构建,1
内控制度实施,1
内控监督体系,1
网络服务,1
绿色智慧建筑,1
智能配电室,1
零碳园区,1
智慧生活,1
数字化创新,1
医院空间管理,1
HBase查询,1
人工窗口,1
信息,1
线上复诊,1
智能化综合平台,1
工作任务,1
华三通信,1
IT建设,1
健康龙江建设,1
分级诊疗制度,1
尘肺病防治,1
献血者权益,1
中医药产业发展,1
乡村振兴战略,1
看病不求人,1
卫生监督改革,1
代建制,1
集成化设计,1
耗材全流程追溯,1
安防企业,1
作业成本法,1
应用路径,1
集成管理,1
网络设计,1
智能数据平台,1
护理工作效率,1
不良事件发生率,1
中医药管理,1
药品分级,1
药品监管,1
药品生产,1
管理效果,1
药品采购,1
药品存储,1
西药房管理,1
内控,1
数智赋能,1
智慧纪检平台,1
纪检监察,1
廉政建设,1
监管效率,1
牙拔除术,1
围手术期管理,1
全流程推送,1
轻量级,1
医院机电工程,1
价值创造,1
SPD 智慧供应链,1
医院物流管理,1
管理架构,1
移动式设备,1
中国科技大学附属第一医院,1
医院形象与传播,1
最佳医院管理团队,1
五星级管理,1
群星璀璨奖,1
医院党委书记,1
医院科研,1
医疗扶贫,1
援边援外,1
绩效分配,1
DRGs评价体系,1
消息中心,1
多渠道,1
推送策略,1
增量降费,1
平疫结合,1
智慧决策,1
Spark平台,1
CART回归预测,1
医疗智慧化,1
互联共享,1
数字孪生医院,1
实时监测,1
信息时代,1
医院综合档案室,1
数字化档案管理,1
问卷调查,1
智慧型医院图书馆,1
服务理念,1
服务方式,1
数字化医院图书馆,1
移动服务平台,1
自助服务平台,1
图书管理员,1
数字产业集群,1
实体经济,1
工业互联网,1
水平分级,1
支气管哮喘,1
药物治疗,1
护理干预,1
报账系统,1
互动电视,1
杭州,1
云HIS,1
结算付费,1
最多跑一次,1
人文关怀,1
生态建筑,1
先进技术,1
资源优化,1
实践探索,1
智慧传染病医院,1
新发传染病,1
智慧联动防控,1
医院网络信息,1
防范机制,1
智慧医院系统,1
医疗数据保护,1
门诊药房,1
大型公立医院,1
整合预算,1
诊疗模式,1
科研云平台,1
混合云,1
医疗影像云,1
移动护士站,1
硬件,1
医院安全防范,1
复工复产,1
数字档案馆,1
OCR技术,1
全文著录,1
医疗病历档案管理,1
病历档案智慧服务体系,1
数据整合,1
共享平台,1
互联网+医疗档案管理,1
智慧编研,1
云端化资料收集,1
智能化档案成果传播,1
医疗档案信息智慧服务平台,1
App服务平台,1
优化服务,1
多元化就诊结算方式,1
工作任务重新布局,1
收费窗口设置,1
员工培训,1
和谐,1
信息化建设现状,1
信息化建设思路,1
紧密型医联体,1
基本公卫项目,1
计划生育特殊家庭扶助,1
健康安徽2030,1
医疗卫生人才队伍建设,1
医疗卫生全行业综合监管,1
健康脱贫,1
中医药,1
生育服务制度改革,1
健康产业,1
健康传播,1
蓝卡网APP,1
公益性,1
床边信息化应用系统,1
医疗数字化技术,1
娱乐中心,1
智慧运维管理系统,1
新型信息技术,1
数据库,1
隐私加密,1
物流机器人,1
医疗专网,1
战略定位,1
新形势,1
预算绩效管理,1
现代会计,1
农村智慧医院,1
新型农村合作医疗,1
后勤管理平台,1
费用管控,1
伦理挑战,1
责任认定,1
伦理规范,1
监管体系,1
人工智能技术研发,1
临床应用,1
教育精准扶贫,1
控辍保学,1
贫困家庭学生资助,1
义务教育入学率,1
教育投入,1
预约诊疗服务,1
结算管理,1
肿瘤浸润淋巴细胞疗法,1
智慧医疗服务系统,1
生物技术,1
医疗服务机器人,1
人工智能医疗,1
在线复诊,1
药品快递,1
分时就诊,1
人工智能导诊,1
5G智慧急救车,1
医防融合,1
结算,1
退费,1
财政专项资金,1
智慧监控,1
预警系统,1
人工智能(AI),1
院长驾驶舱,1
智慧财务报销管理,1
实践报销管理新模式,1
区域健康医疗联合体,1
THIS系统,1
智慧健联体,1
健康医疗服务体系,1
运维系统,1
协同管理平台,1
医养融合,1
党建工作,1
党员管理,1
科学化,1
安全生产标准化,1
功能布局科学化,1
管控智能一体化,1
医院后勤迭代,1
设计探讨,1
工业机器人,1
传感器技术,1
机电一体化,1
安全系统设计,1
财务分析,1
股利政策,1
老年患者,1
医疗APP,1
预约系统,1
住院衔接,1
生态后勤管理,1
综合效益,1
信息化3.0时代,1
学习平台,1
自助开单,1
微信服务号,1
医疗信息安全,1
电子病历共享平台,1
异地就医结算,1
深化医改,1
5G智慧医疗,1
HIWV模型,1
新一代医院数据中心,1
供水管网,1
输液管理,1
限挂令,1
院长管理能力,1
院长激励机制,1
医疗服务乱象,1
十四五,1
信息化路径,1
医院企业化,1
医院规范化,1
私人医生,1
家庭医生,1
区域健康服务体系,1
全员额全成本核算,1
绩效管理模式,1
医院院长职业化,1
大健康服务市场,1
全民健康智慧服务体系,1
迷迭香酸,1
咖啡酸,1
夏枯草消瘤合剂,1
HPLC法,1
含量测定,1
提取条件,1
流动相,1
图书馆,1
创新服务,1
风险评估,1
流程标准化,1
内控队伍建设,1
内控监督,1
文献计量学,1
医保服务,1
联想智慧医院解决方案,1
移动护理终端PDA,1
云服务IT基础架构,1
协同创新,1
智慧医疗研究院,1
医疗方针,1
计量分析,1
重难点分析,1
临床科研大数据平台,1
医院建设标准,1
互联网医学,1
技术和服务,1
登记备份,1
医疗业务数据,1
数字化成果,1
智能识别,1
不安全行为,1
监测,1
MＲ,1
故障树,1
贝叶斯,1
运维管理系统,1
信息化智能化设计,1
医疗产业转型升级,1
智慧医疗助力医疗场景优化,1
Watson技术,1
医院业务,1
浪潮网络,1
镇江市第一人民医院,1
IT系统,1
智慧地球,1
医疗服务能力提升,1
手术协同管理,1
系统性管理,1
护理技术,1
护理信息系统,1
护理安全,1
智慧护理数据平台,1
护理数据标准,1
护理文书系统,1
护理管理信息系统,1
数据交换平台,1
数据总线平台,1
护理数据综合展示平台,1
护理数据管理平台,1
智慧护理数据安全保障,1
外部需求,1
内部需求,1
供水管网系统,1
合同管理,1
电子会计档案,1
会计档案管理,1
电子化,1
档案电子化,1
安消一体化,1
信息化平台框架,1
电力系统,1
智慧财务信息化,1
信息化运作,1
BIM数据,1
系统规划,1
自助医疗服务,1
后勤运维,1
运维管家,1
专业化,1
社会化,1
心血管,1
降尿酸药物,1
别嘌醇,1
利尿剂,1
β受体阻滞剂,1
阿司匹林,1
替格瑞洛,1
氯沙坦,1
缬沙坦,1
非诺贝特,1
阿托伐他汀,1
心衰,1
高尿酸血症,1
科研信息管理系统,1
科研成果,1
科研经费,1
科研项目,1
科研绩效,1
OTN技术,1
铁路通信,1
波道分配,1
骨干层通信网,1
医疗设备能效管理系统,1
远程监测,1
胶囊内窥镜,1
弱电间,1
供电系统,1
智慧监管,1
智慧门禁系统,1
5G塔吊,1
防高坠,1
以患者为中心,1
以员工为核心,1
八大体系建设,1
医疗服务技术水平,1
质量建设,1
品牌建设,1
人才建设,1
预防接种,1
星级门诊创建,1
人力资源配置,1
免疫规划,1
就医管理,1
Java,1
后勤系统,1
智慧后勤管理平台,1
移动端综合支付平台,1
价值链,1
无线定位,1
智慧宾馆,1
综合管理平台,1
ZigBee,1
传感网络,1
医院电子陪护证,1
预防与控制,1
医疗陪伴者,1
人员管理,1
全过程管理,1
体系构建,1
预算监督,1
预算组织架构,1
全面预算管理体系,1
移动支出审批控制系统,1
预算管理软件开发,1
一体化预算管理及成本核算平台,1
TVOS,1
B/S构架,1
视频点播,1
EDFA,1
健康人居,1
生态系统,1
车辆引导,1
智能寻车,1
组织架构,1
智能管控,1
医院窗口结算,1
科室管理,1
框架,1
策略与建议,1
抗菌药物管理,1
信息技术应用,1
信息备份,1
智能化培训,1
互联网信息技术,1
财务风险管理,1
财务信息化管理,1
边际效应,1
增量理念,1
虚拟融合,1
智能化财务运作,1
药事服务转型,1
模式转型,1
肺癌,1
诊疗中心,1
方舱医院,1
武汉,1
生命方舟,1
救治,1
评估标准体系,1
智慧财经系统,1
无线传感器网络,1
预约检查,1
呼叫系统,1
经营管理,1
综合智能楼宇,1
光伏发电,1
智慧防控体系,1
身份识别,1
人员资产定位,1
医院建筑设计,1
传输系统,1
建筑空间,1
空间形态,1
智慧型骨科专科医院,1
骨与关节疾病,1
远程健康医疗,1
医院设备,1
监测系统,1
人工智能物联网,1
主成分分析,1
信息工程,1
黑龙江,1
肌无力,1
北漂,1
写书,1
生命从明天开始,1
曼曼心灵热线,1
自动发药机,1
无线射频识别技术,1
血液,1
库存管理,1
专家系统,1
麻醉教学,1
智慧审计,1
战略,1
智慧健康系统,1
结构,1
中美对比,1
医疗健康结合,1
VR远程超声,1
5G导诊机器人,1
5G+AR远程针灸,1
5G智慧医院应用,1
预算管控,1
建设规划,1
数字化转型平台,1
创新就医服务,1
药监局新规,1
受试者保护,1
不合格药品,1
阳光采购,1
药品阳光采购,1
英法药业集团,1
新冠病毒疫苗,1
劳动模范,1
线上模拟比赛,1
互联智慧健康服务院,1
微医流动医院,1
5G救护车,1
药械,1
转型策略,1
医院集团化管理,1
医疗收入,1
智慧管理信息系统,1
权责发生制,1
财务资产,1
业务项目,1
决策信息,1
体检收入,1
财务数据传输,1
会计凭证,1
收支渠道,1
对账逻辑,1
财务状况,1
管理意义,1
运行效率,1
运行成本,1
应用现状,1
发展方向,1
AHP层次分析法,1
模糊综合评价,1
业财管税档一体化,1
智慧报销,1
BIM 信息化模型,1
华山医院,1
既有改造,1
医疗云服务,1
数字化系统,1
互联互通集成平台,1
英特尔技术,1
财务管理策略,1
资产财务管理,1
医疗收入管理,1
智能互联,1
机电系统,1
医院大数据,1
数智立体化体系,1
云影像技术,1
科技抗疫,1
信息支撑,1
非接触式诊疗,1
智慧财务信息系统,1
业务数据,1
管理会计报表,1
传感技术,1
智慧后勤综合管理平台,1
平台构建,1
平台应用,1
性能优化,1
分布式计算,1
脑卒中偏瘫,1
康复依从性,1
自我护理能力,1
横断面研究,1
热量管理,1
生命周期评价,1
铝合金电缆,1
泛珠三角医院管理大会,1
现代医院改革,1
医改新形势,1
医院绩效管理,1
深化医改强基层,1
影像云,1
勤好远程质控系统,1
咨询服务,1
智慧化技术,1
医疗建筑管理,1
患者行为流线,1
医院空间模式,1
智能化服务设备,1
IPv6,1
过渡技术,1
eNSP软件,1
双协议栈,1
IPv6 over IPv4手工隧道,1
医院档案信息化,1
一体化治疗平台,1
医疗场景智能化,1
智慧医疗器械,1
智慧医疗生态,1
信息设施系统,1
建筑设备管理系统,1
网络能力,1
SPD智慧供应链项目,1
入院流程,1
医院科学管理水平,1
医院绩效考核,1
人才智慧,1
IT服务管理,1
绩效管理系统,1
分级医疗,1
第三方合作,1
管理对策,1
放射摄影,1
自动筛查,1
人机融合诊疗,1
后勤智能化,1
创新应用,1
中国移动,1
全域旅游,1
经济发展,1
产业,1
信息系统建设,1
应用框架,1
四算合一,1
智能问答,1
数据保护,1
医药电商,1
自媒体时代,1
互动参与性,1
宣传成本,1
简化就医流程,1
Roma,1
重要性,1
策略,1
约束理论,1
报警系统,1
智慧云导诊,1
就诊停留时间,1
要素说,1
美的LIFE流,1
智慧医疗产业,1
楼宇科技,1
医院-社区-家庭,1
伤口造口患者,1
延续性护理,1
就医成本,1
预约就诊,1
线上缴费,1
志愿者服务,1
护士,1
农村,1
智慧医养结合,1
认知,1
期待,1
大智移云,1
业务中台,1
整合医学,1
肿瘤专科,1
标准化成熟度测评,1
区域全民健康信息平台,1
互联网诊疗范围,1
导医系统,1
以太全光网络,1
AON技术,1
SDN技术,1
临床服务管理,1
报销流程优化,1
报销制度,1
一卡通解决方案,1
安防智能化,1
绿色建造,1
建筑电气智能化,1
能耗管控系统,1
OPM3模型,1
全过程工程咨询模式,1
脑血疏口服液,1
脑卒中,1
关联规则分析,1
用药模型,1
营利与非营利分开,1
医院改革,1
医院经营管理,1
医院评审,1
后勤信息化建设,1
市县医院,1
应急救治能力,1
医疗资源均等化,1
重症救治,1
医院主导,1
多模态数据,1
协调员,1
中医妇科,1
药品医疗器械飞行检查,1
食品药品监管,1
医疗器械临床试验备案,1
个性化电子健康档案,1
产业链,1
青岛大学附属医院,1
智慧供应链金融,1
区域医学共享中心,1
智能财务,1
社区居民,1
动线流程,1
医院设计,1
流线设计,1
人流,1
车流,1
海南自贸港建设背景,1
智慧医院档案管理,1
实施困境,1
优化策略,1
人性化理念,1
医疗数据共享,1
线上医疗纠纷处理,1
人工智能算法,1
心房纤颤监测,1
深度学习算法,1
基建管理,1
数据链协同,1
穿戴技术,1
特色专科建设,1
皮肤科,1
眼科,1
社区卫生服务,1
财务流程自动化,1
智能自动化,1
财务管理数字化转型,1
建筑集成管理系统,1
能耗监测,1
医院智慧导航系统,1
室内定位技术,1
减少寻路时间,1
应用建设,1
服务功能,1
药剂管理,1
医院智慧信息化系统,1
公共安全系统,1
计算机网络系统,1
有线电视系统,1
医疗辅助弱电系统,1
高清远程会诊系统,1
高清手术示教系统,1
高清视频会议系统,1
ICU探视系统,1
洁净手术室系统,1
信息发布/分诊叫号系统,1
数字互动电视系统,1
VIP高端病房系统,1
全录播系统,1
手机移动接入应用系统,1
应急指挥系统,1
医院专用系统,1
系统组成,1
立体可视化,1
一张图,1
安防,1
智能化配电,1
医疗行业解决方案,1
智慧医院一卡通解决方案,1
医院运行效率,1
统一支付,1
智能运输,1
轨道箱式物流,1
医院消防安全管理,1
消防安全管理体系,1
消防设施设备,1
消防安全隐患,1
消防安全监管,1
智慧医院模型,1
便民惠民应用,1
互认共享,1
磁性医院,1
医疗联盟,1
临床药学,1
医院建院,1
临床合理用药,1
财务管理制度,1
财务管理风险,1
财务管理工作人员素质,1
财务管理目标,1
财务管理风险防控,1
临床医学研究中心,1
智慧化转型升级,1
云影像,1
影像大数据,1
人工智能辅助诊断,1
数字影像服务,1
智慧医养结合模式,1
智慧型患者满意度调查平台,1
就医自助,1
体验设计,1
服务流程,1
互动服务平台,1
儿科疾病,1
网络咨询,1
疾病构成,1
数据安全交换平台,1
新建分院,1
跨省,1
长三角,1
海鹚科技,1
B轮融资,1
药品零加成,1
新院建设,1
门诊慢特病,1
医保政策,1
信息化手段,1
医保精细化管理,1
电子凭证应用,1
医保便民服务,1
医疗行为监管,1
在线诊疗,1
医联体转诊,1
卓越医院,1
医疗温度,1
统筹管理,1
自动驾驶,1
智能预问诊,1
医保基金智能场景监控平台,1
智慧医院后勤管理,1
5G+医疗救援,1
数据采集与传输,1
大数据应用,1
区域平台化,1
化工器械,1
医院竞争力,1
后勤保障团队建设,1
整体解决方案,1
就诊服务,1
医院资源计划,1
ROCCIPI技术框架,1
调剂流程,1
管理论坛,1
窄带物联网,1
智能陪护床,1
医护人员工作效率,1
医院服务品质,1
思维导图,1
平均住院日,1
医疗总费用,1
集中式管理模式,1
分散式管理模式,1
日间手术中心,1
智慧化转型,1
智能物联运维平台,1
智慧化物业服务,1
智慧化革新,1
AI机器人,1
室内空气净化,1
5G融合定位,1
多旋翼无人机,1
影像诊断技术,1
制约因素,1
一带一路,1
传染病防治,1
公共卫生合作,1
地区经济,1
联防联控,1
医学,1
诊断,1
人事管理,1
医院执业,1
诊疗服务平台,1
医护人员工作压力,1
医疗资源优化配置,1
网络门诊,1
医患服务,1
患者信息云平台,1
预算调整,1
预算考核,1
信息服务中心,1
医院信息需求,1
协同技术平台,1
信息需求管理,1
全生命周期智慧管理系统,1
AIops架构,1
医院信息化运维,1
医院物业管理,1
智慧软件,1
价值再造,1
门急诊服务,1
智慧手术平台,1
智慧业务,1
互联网+模式,1
智慧医院App,1
数字医疗,1
智慧区域卫生解决方案,1
机制创新,1
大健康管理,1
本地化服务,1
属地化管理,1
自主创新,1
集成发展,1
互联网+医疗+健康,1
可穿戴技术,1
智慧医疗健康大数据平台,1
绿色智能建筑,1
绿色优质医疗,1
绿色高效管理,1
产学研结合,1
微信智慧医院,1
医院微信平台,1
创新环境,1
卫生健康,1
智慧医疗集团,1
智慧医疗经验分享,1
智慧医院建设模式,1
智慧医疗峰会,1
智慧医疗上海实践,1
智慧医疗集团建设,1
智慧医院内涵,1
智慧医院边界,1
智慧医院品牌,1
信息建设,1
F5G技术,1
带宽,1
时延,1
快速部署医院,1
BPR,1
看病难,1
门诊流程,1
市民卡,1
诊间支付,1
医疗支付,1
就诊体验,1
照明控制系统,1
照明设计,1
可视化运维管理平台,1
BIM模型,1
应用功能,1
平台开发注意事项,1
价值链模型,1
智慧考评体系,1
数字医卫,1
互联网+医院健康,1
医卫信息化,1
医卫物联网,1
医卫互联网,1
智慧医院物联网应用,1
物联网接入基础平台,1
智慧患者服务,1
智慧医护服务,1
智慧管理服务,1
理论体系重构,1
新经济,1
全球化,1
网络社会,1
互联网思想,1
智慧室分,1
智慧医疗信息系统,1
效果评价,1
医护协同,1
电子叫号系统,1
无纸化就医,1
手机APP,1
医药领域,1
专利申请,1
专利授权,1
专利管理,1
PDA产品,1
脂肪乳,1
代谢,1
免疫功能调节,1
剂型,1
患者主观感受,1
依从性,1
不良反应,1
健康宣教,1
心理护理,1
分级护理,1
临床监护,1
药物知识培训,1
无菌技术操作,1
药物配伍禁忌,1
护理干预措施,1
临床疗效,1
平安智慧医院,1
物联网平台,1
法律完善,1
权利责任明确,1
行业标准,1
数据监测,1
个人信息安全,1
医疗服务模式改革,1
政策支持,1
技术标准建设,1
财政投入,1
医保支付结合,1
人才培养体系,1
技术研发人才,1
药品标准,1
网络结构,1
嵌入式应用技术,1
虚拟化互联网技术,1
物流管理,1
多网合一技术,1
医疗信息化研究院,1
生命支持类设备,1
协同管理,1
医疗耗材,1
智慧供应,1
培训费,1
报销结算,1
医院集成平台,1
服务总线,1
HL7,1
数据统计,1
单点登录,1
患者360视图,1
运营管理系统,1
伤口,1
造口,1
数据效能,1
真实世界,1
数据库性能,1
响应时间,1
效能优化,1
临床医疗大数据,1
教育改革,1
数据流程,1
设计建议,1
内网架构,1
综合网架构,1
无线局域网架构,1
公共卫生危机预警,1
精准施策,1
医院经济管理模式,1
情志护理,1
CICARE沟通模式,1
结肠息肉,1
内镜下结肠黏膜切除术,1
围术期护理,1
负性情绪,1
心理压力,1
心脏微创手术,1
广东省人民医院,1
高州市人民医院,1
全球作战保障系统,1
军事训练,1
作战保障,1
联合作战,1
系统化管理,1
智能化网络,1
资金风险,1
票据管理,1
财务数据安全,1
印章管理,1
医疗腐败,1
元宇宙,1
平行医生,1
联邦医院,1
信息网络系统,1
能耗监测系统,1
智能照明系统,1
门禁控制系统,1
电子巡更系统,1
停车场管理系统,1
机房工程系统,1
楼宇设备自动控制系统,1
医院智能化解决方案,1
智慧档案馆,1
数据存储,1
数据利用,1
信息安全管理,1
信息专业技术人才,1
信息数据标准化,1
信息资源共享,1
远程协同医疗,1
微创外科,1
优质医疗服务,1
分级诊疗政策,1
随访平台,1
肺癌转移,1
中西医结合,1
肿瘤免疫学,1
正虚伏毒,1
循环肿瘤细胞,1
肿瘤干细胞,1
扶正治癌,1
调神治癌,1
医院管理团队,1
患者服务与体验,1
医院信息化应用,1
特色专科发展,1
康复医学中心,1
急救创伤救治中心,1
肿瘤诊疗中心,1
口腔诊疗中心,1
孕产妇及新生儿救治中心,1
风险控制体系,1
招标采购,1
智慧服务和运维平台,1
运行服务,1
国药实践,1
发展模式,1
数字化手术室,1
手术室管理,1
身份识别技术,1
手术室信息化,1
手术流程优化,1
医疗行为管理,1
生态医院,1
智慧生态,1
健康数据,1
运维场景,1
电子病历信息化,1
3D生物打印系统,1
智慧医院建设框架,1
智慧医院建设体系,1
智能居家,1
养老体系,1
未来应用模式,1
基层医疗卫生机构,1
生殖系基因编辑,1
晶华微电子,1
红外测温芯片,1
万集科技,1
激光雷达,1
智能交通系统,1
江苏省计量院,1
汽车底盘测功机,1
赛摩智能,1
智能轨道小车物流系统,1
上海计量院,1
计量专业项目考核,1
婴儿防盗管理,1
药品发放,1
数字化整合型医疗卫生服务体系,1
健康医疗大数据分析与利用,1
公共卫生体系数字化建设,1
智能医学和数字诊疗,1
数字化医工融合发展,1
数字中医药发展,1
医疗信创、信息安全和密码应用,1
医学信息学学科体系建设,1
云健康平台,1
即时通信服务,1
信息管理体系,1
医疗服务平台架构,1
信息化功能体系,1
信息系统完善,1
智慧健康云平台,1
辅助诊疗功能,1
新媒体载体联动,1
抗疫,1
消毒机器人,1
智慧管理技术,1
医院信息安全系统,1
构建要点,1
预防措施,1
智慧后勤时代,1
垃圾分类,1
管理路径,1
临床辅助诊断,1
开放科学,1
标识码,1
二维码,1
线上扩展功能,1
肺结核,1
X线胸片,1
智能辅助诊断系统,1
临床效能评价,1
智慧医疗服务平台,1
全流程,1
耳鼻咽喉科,1
网络安全信息化,1
医院智慧档案管理模式,1
模糊聚类,1
多源异构数据,1
处理电路,1
相似矩阵,1
校院联姻,1
优化管理,1
发展历程,1
管理服务模式,1
瑞能半导体,1
恩智浦,1
北京建广资产管理,1
功率半导体,1
《中国制造2025》,1
功率转换效率,1
智能家电,1
交通,1
电信,1
功率产品,1
功率半导体器件,1
市场机遇,1
共词分析,1
卫生健康事业,1
一体化建筑设计,1
医疗科技,1
医疗工艺设计,1
设计方案,1
建筑工程,1
SDN网络技术,1
物联网应用,1
船舶网络安全,1
医疗物联感知网,1
RedCap技术产业,1
医院智慧管理平台,1
智慧临床平台,1
干部人事档案,1
智慧建设,1
数字平台,1
虚拟现实,1
运营实践,1
数字化劳动力,1
基层智慧治理,1
机器人流程自动化,1
生产效率,1
员工幸福感,1
现代医院建设,1
系统集成规划设计与应用,1
医院导航系统,1
WiFi定位技术,1
J2EE架构,1
LBS位置服务,1
应急管理,1
医疗护理,1
质量,1
安全体系,1
医学工程科,1
前瞻性设计,1
SPD服务,1
医药产品物流,1
医保控费,1
物流服务规范,1
医疗数据集成,1
医疗信息共享,1
医疗行业合作,1
队属医院,1
物资保障,1
维修,1
设备信息化管理,1
安全环保敏感SSCs识别,1
核电厂,1
业务流程优化,1
预约服务,1
金融动态,1
信用证项下进口押汇业务,1
政策性牡蛎风力指数保险,1
橡胶树风灾指数保险,1
跨境投资贸易,1
一带一路建设,1
医保实时报销,1
医院网络,1
人口老龄化,1
建设原则,1
租金收入,1
智慧党建平台,1
实践研究,1
临床数据中心平台,1
人才培育,1
医院物流机器人,1
非接触式作业,1
交叉感染风险,1
劳动力短缺,1
AGV机器人,1
自动化效率,1
病历电子化,1
决策科学化,1
办公自动化,1
网络区域化,1
软件标准化,1
移动支付技术,1
医院智慧财务结算,1
现代化医院管理制度,1
创新转化,1
AI+安防,1
数据感知,1
智慧化运营,1
室外电子设备箱,1
数字化解决方案,1
HDL,1
智慧产业,1
在线支付,1
制度,1
临床工程,1
预防性维护,1
运营效能,1
一院多区,1
医疗需要,1
患者,1
医护工作者,1
医保基金,1
精准监管,1
医院后勤信息系统,1
系统及数据互通,1
后勤运维报修流程,1
后勤管理成本,1
突发事件应急管理,1
北京妇产医院,1
乐活APP,1
实时信息查询,1
信息化升级,1
建设要点,1
财务风险评估,1
内部宣传,1
信息化管理平台,1
医卡通,1
自助交费机,1
BIM数字孪生,1
医院行政管理,1
建设思路探讨,1
二维码技术,1
移动医疗服务,1
数字中国建设,1
智慧药事管理,1
在线药事服务,1
个性化用药指导,1
胰岛素冷链配送,1
居家腹透患者互联网诊疗,1
神经系统疾病,1
多学科联合诊疗,1
医疗数据分析,1
远程医疗指导,1
医院网络安全管理,1
课程建设,1
病人安全,1
压力性损伤,1
跌倒,1
综述,1
报警功能,1
优化,1
实名制就诊,1
智慧预约,1
软件框架,1
硬件框架,1
业务框架,1
运作流程,1
功能设计,1
服务设计,1
口腔医疗服务,1
口腔医院管理,1
口腔CSSD追溯系统,1
智慧门诊系统,1
口腔门诊信息化,1
互联网+医疗模式,1
智慧能源管理,1
绿色智慧医疗,1
智慧城市综合体,1
绿色智慧酒店,1
信息资源管理,1
银医通系统,1
患者实名预约预存服务,1
自助服务机,1
院外医疗,1
轻量级J2EE,1
财务报帐,1
智慧精益,1
医院学科发展,1
医用耗材集采,1
医学工程管理,1
医疗装备管理,1
医工融合,1
医疗设备高质量管理,1
科室效能,1
保障能力,1
多学科协作,1
医院转型,1
软件研发,1
IT基础架构,1
合作模式,1
风险防控,1
医用气体,1
集中监控,1
健康医疗数据,1
中医药信息获取,1
性别差异,1
教育程度影响,1
年龄段差异,1
中医药态度,1
胸痛中心,1
分组化OTN,1
IP业务,1
LTE网络,1
多业务承载,1
智能管道,1
运营商传送网,1
数据网融合,1
设备测试,1
商用阶段,1
大容量,1
多业务,1
高安全,1
业务承载,1
智慧病房建设,1
医疗供给,1
县级医院,1
中医特色,1
责任担当,1
评审方法,1
持续优化,1
以人为本设计理念,1
创造宜人医疗环境,1
适应医院发展需求,1
智慧支撑,1
微服务架构,1
积极影响,1
党媒数字化服务,1
浙江智慧网络医院,1
区域化妇幼护理,1
远程医疗协作,1
全病程智能化主动管理,1
信息人才,1
经济增长,1
货币政策,1
财政政策,1
县域医共体,1
整体性治理,1
物资配送,1
人工配送,1
防疫体系,1
在地性,1
5G智慧医疗指挥中心,1
医疗资源均衡,1
5G平台,1
肝病机器人,1
慢性肝病诊疗,1
突发公共卫生事件,1
领军临床专科,1
兴医工程,1
新建医院,1
后勤运维指挥中心,1
前期规划,1
集中带量,1
工程技术研究中心,1
浙江省,1
重点实验室,1
资金管理,1
医生工作效率,1
互联互通测评,1
指纹识别,1
患者识别,1
智慧医疗社区,1
医疗智能化,1
公共卫生信息化,1
4P医学模式,1
系统实现,1
会计创新,1
财务决策,1
会计信息披露,1
智慧财务制度体系,1
医疗机构合作,1
身份权限控制,1
移动端,1
健康管理服务,1
数字信息技术平台,1
卫生经济,1
路径依赖,1
移动护理,1
产业聚集,1
双千兆,1
智能系统集成,1
设备智能化控制,1
建筑设备系统,1
通道管理系统,1
数字监控系统,1
智能化对讲系统,1
数字化手术室系统,1
排队叫号系统,1
IoT,1
集成管理平台,1
数字运营,1
医保在线支付,1
公共卫生,1
健康养老,1
新医改政策,1
医疗服务价格调整,1
药耗加成取消,1
大型设备检查费用降低,1
DRGs支付方式改革,1
分级诊疗服务模式,1
医院资金来源和收入结构,1
物价管理,1
医院发展方式转型,1
运行模式转型,1
资源配置转型,1
提质增效,1
会计工作数字化转型,1
数据共享机制,1
电子凭证全流程数据化与无纸化,1
公立医院财务信息化建设,1
财务技术工具与模式革新,1
数字化与智能化转型,1
财务管理信息化创新,1
会计审核,1
核算工作,1
财务工作准确度与规范化,1
战略规划,1
医院管理要求,1
RPA技术,1
财务自动化,1
高效财务转型,1
财务机器人,1
工作流程自动化,1
财务工作特征,1
重复性,1
明确性,1
长效性,1
财务管理体系重构,1
业务财务,1
战略财务,1
财务管理平台,1
业务管理水平提升,1
智能化处理流程,1
财务发票智能化识别和处理,1
财务流程规则库,1
计算机视觉技术,1
工作流引擎,1
数据共享传递,1
业财一体化管理,1
财务管理体系与系统框架,1
财务管理系统框架,1
业务层,1
数据层,1
应用层,1
财务战略实现,1
数据支持服务,1
财务管理现状,1
RPA特点,1
财务管理创新路径,1
财务管理创新建设,1
智能化财务管理平台,1
管理功能转变,1
决策分析型转变,1
业财深度一体化,1
高效业财机器人,1
医院财务流程规则库,1
账务自动化处理规则引擎,1
财务数据收集和处理能力,1
关键技术和内容,1
数据互通,1
业务系统与财务系统数据传递,1
接口通信方式,1
财务发票图像智能识别,1
自动化处理系统,1
财务智能化处理流程,1
工作流引擎模块化设计,1
自动化流程,1
指令和决策逻辑,1
编程,1
系统API调用,1
HRP软件API调用,1
编程语言描述的程序,1
结构化数据核对,1
业务流程引擎,1
执行业务主体,1
插件封装的函数,1
第三方功能调用,1
数据获取与上传操作,1
工作流设计生成,1
执行调度,1
权限发放,1
数据积累,1
敏捷开发模型,1
工作流配置与编码,1
PKI/CA技术,1
数字签名技术,1
合法合规认证,1
财务单据数据处理,1
财务流程管理模型,1
政府会计制度和账务自动处理流程,1
自动化签名,1
信息安全性,1
数据完整性,1
签名不可抵赖性,1
财务机器人业务应用场景,1
财务一体化管理体系,1
经济管理水平提升,1
商旅平台,1
税务系统,1
财务综合服务平台,1
供应商平台,1
财务机器人技术特点,1
医院财务管理特色,1
基础核算工作,1
运营分析工作,1
会计凭证档案盒封面打印机器人,1
年度账簿打印机器人,1
日常报销审核机器人,1
会计凭证处理机器人,1
预算执行预警机器人,1
药品财务入库机器人,1
科研经费上账机器人,1
财务BI移动驾驶舱,1
运营分析报告,1
业务提质增效,1
决策管理数据支撑,1
公立医院发展模式与管理制度转变,1
存量资源配置与利用,1
询证方式数据挖掘与分析,1
管理赋能,1
财务管理边界拓展,1
财务管理效能提升,1
财务管控风险,1
内部管控系统重新设计,1
运营过程风险管控能力,1
RPA财务机器人运行成效,1
经济效益增值,1
内控管理增效,1
工作提质增效,1
财务组织架构转型,1
财务转型落地实施,1
财务人员工作模式转变,1
财务人员核心价值转变,1
财务人员能力转变,1
智能财务背景下构建公立医院RPA建议,1
财务管理思维转变,1
财务战略眼光提升,1
RPA标准实施框架完善,1
数据治理完善,1
转型基础夯实,1
流程标准化建设加强,1
财务智能应用场景创建,1
数字转型文化塑造,1
人才保障加强,1
肿瘤医疗服务,1
五年生存率,1
AI医学影像,1
AI辅助诊断,1
AI健康管理,1
疾病预测,1
一体化智慧医院,1
精准医疗服务,1
辅助诊断场景,1
医院门诊楼运营管理,1
肿瘤专科大数据,1
人工智能新技术孵化器,1
肿瘤早筛,1
早诊,1
早治,1
长期随访,1
医院管理平台,1
存储集群调度算法,1
VR隔离探视,1
绿色能源,1
生态平衡,1
建筑智能化系统,1
弱电系统,1
IP化视频监控,1
车牌识别,1
车位管理,1
可视对讲,1
报警集成,1
指令互通,1
管理效率,1
管理成本,1
医院建筑智能化,1
医疗辅助智能化系统,1
可视智慧物联,1
信息热力图,1
3D可视化,1
智能图像分析,1
自定义智能流程,1
号贩子识别,1
实时预警,1
制度框架,1
品管圈,1
整合平衡计分卡,1
互联网诊疗系统,1
线上线下一体化,1
口腔专业,1
单病种收费,1
医保统筹支付,1
医疗服务价格管理,1
医院后勤保障,1
智慧后勤数字化,1
一站式后勤服务,1
一体化管理体系,1
后勤服务社会化,1
病历,1
公立中医医院,1
读者需求,1
调查问卷,1
发展沿革,1
评价体系,1
档案馆,1
消防部件,1
深圳市第三人民医院,1
智慧设施管理,1
医院设施管理,1
新兴技术,1
AR技术,1
中国卫生人才,1
三高,1
三强,1
三化,1
医疗效果,1
政策建议,1
人才培养机制,1
智慧医院评价体系,1
数据要素,1
技术融合,1
区域协同,1
智慧医院建设效果,1
卫生信息化发展指数,1
数据安全防护体系,1
网络安全风险评估,1
居民隐私信息安全,1
网络可信体系,1
感知,1
眼底图像,1
一致性分析,1
医师,1
摄片,1
眼底,1
输血医学科,1
血库前置,1
电子纸技术,1
低碳,1
智慧化后勤,1
能源监管平台,1
节能潜力,1
医疗投资,1
应对策略,1
建设应用,1
家庭医学,1
癌痛规范化治疗,1
无痛病房,1
人工智能医学联合创新中心,1
智能诊疗,1
检查预约,1
分时段预约,1
多源感知融合定位,1
公安大数据,1
医疗机构内智能化疫情防控流调系统,1
体温检测,1
电子流调问卷,1
数据追溯,1
网格化管理,1
流行病学调查,1
DRG付费,1
医院业财融合,1
智慧成本管理,1
自动化运转,1
健康管理中心,1
护理专科门诊,1
肾友俱乐部,1
设计与应用,1
智能识别分析,1
统一集成管理,1
视频融合应用,1
构建探索,1
探讨,1
军改,1
以病患为中心,1
医院智能化管理系统,1
医院信息化管理系统,1
ERP,1
预算制度,1
信息管理平台,1
中心监护系统,1
糖尿病视网膜病变,1
筛查,1
阅片,1
智慧卫生,1
智慧沈阳,1
区域人口健康信息平台,1
蓝卡模式,1
劳务管理系统,1
智慧安全帽,1
智慧工地建设,1
物联网+,1
应用研究,1
共享,1
跨界,1
学术交流,1
医疗机构管理,1
火神山项目,1
施工难题,1
人员调集,1
物资需求,1
安全防疫,1
感染防控,1
组织协调,1
污染治理,1
模块化设计,1
复杂机电系统,1
5G及云计算技术,1
环保标准,1
饮用水,1
直饮水系统,1
集中式,1
病房采光,1
参数化设计,1
采光评价指标,1
PBL教学模式,1
抗血小板药物,1
经皮冠脉介入术,1
公共医疗,1
数据查询,1
文档资料利用率,1
档案信息化管理,1
医疗服务水平,1
医院决策水平,1
档案管理人员素质,1
轨道小车物流系统,1
医院感染控制,1
建设目标,1
医疗行业网络安全,1
医院等级保护2.0,1
医保局安全解决方案,1
全民健康平台安全,1
智慧医院安全运营,1
县域医共体安全建设,1
网络安全宣传教育与培训,1
网络安全意识培训,1
网络安全演练服务,1
网络安全应急响应服务,1
互联网+医疗健康安全解决方案,1
智慧医院物联网安全,1
医院网络安全等级保护,1
医院勒索病毒防护,1
医院数据安全,1
医院关键信息系统安全保障,1
医院信息化五防安全,1
医疗行业用户支撑,1
无线物联网,1
场景生态,1
科技能力,1
职工满意度,1
考评体系,1
智慧后勤服务体系,1
后勤一体化管理平台,1
后勤评价体系,1
运营监督,1
技术赋能,1
库管系统,1
管控平台,1
多元化自助就医,1
智能就医,1
审批流程,1
钉钉,1
智慧办公,1
智慧居家养老,1
信息平台建设,1
服务需求,1
主动健康,1
云看病,1
慢病防控,1
医院规划,1
医院物联网,1
变革管理,1
行业信息化,1
安全与容灾,1
人工神经网络,1
智能预约,1
预约规则,1
动态规划,1
医务管理,1
构建模式,1
管理水平,1
能耗预测,1
服务效率,1
设备运行质量,1
云认证签名技术,1
设备资产管理,1
多院区医院,1
医疗保险,1
发展研究,1
医院物业,1
学校物业,1
住宅物业,1
政府物业,1
公共物业,1
物业服务品牌供应商,1
ISO9001质量管理体系,1
ISO14001环境管理体系,1
OHSAS18001职业健康安全管理体系,1
ISO50001能源管理体系,1
医疗资源利用效率,1
信息技术支持,1
标准化与规范化,1
信息共享与互通,1
医患互动和沟通,1
档案管理价值,1
档案管理体系优化,1
档案与临床业务融合,1
先进技术和管理体系,1
健康档案云平台,1
智能决策支持系统,1
医疗水平,1
Python,1
OpenCV,1
医学图像配准,1
CNN-SIFT特征融合,1
多模态配准策略,1
MRI-PET图像配准,1
一体化体系构建,1
网络大数据,1
智能语音技术,1
智能医疗系统,1
移动医院,1
应急医疗,1
灾害响应,1
功能配置,1
华中科技大学同济医学院附属协和医院,1
综合住院楼,1
床位,1
地下停车场,1
生态绿化,1
方面级观点挖掘,1
智慧机器人,1
医疗物资配送,1
智能物联网平台,1
同济医院,1
试点医院,1
临床重点专科集群,1
系统功能,1
儿童医院,1
卫生政策,1
区域卫生信息化,1
儿童保健,1
医联工程,1
医院信息化管理,1
早产儿生长发育,1
儿童多动症,1
医疗科技创新,1
儿科医学,1
儿科专业,1
智能床旁互动,1
掌上儿童医院,1
智能搬运机器人,1
仓储物流管理,1
CiteSpace软件,1
杭州市公立医院,1
5G通信,1
后勤数字化管理,1
智慧财经,1
梯队,1
自助设备系统,1
智能识别技术,1
信息集成技术,1
统一通信技术,1
大数据分析技术,1
排队挂号系统,1
缴费预约系统,1
医护呼叫对讲系统,1
移动医疗管理系统,1
ICU急救系统,1
小型治疗设备检查系统,1
老干部,1
框架设计,1
应用成效,1
远程结算,1
先诊疗后付费,1
病案质量,1
中医药信息化,1
中医药高质量发展,1
智慧中医诊疗平台,1
中医药传承创新,1
元宇宙医学,1
中医药信息标准,1
中医药数据资源,1
人工智能（AI）,1
人机料法环,1
自动化控制技术,1
智慧油田,1
智能信息处理技术,1
LoRa技术,1
组网,1
无线传输,1
高可用性,1
故障定位,1
IT系统集中监控,1
业务管理,1
等保自查,1
敏捷专线,1
医疗设施,1
建设方式,1
同质化管理,1
一体化信息平台,1
物流设计,1
智慧化物流,1
医院建筑运行维护技术标准,1
智慧后勤一体化解决方案,1
智慧园区能源管理解决方案,1
多功能电力分析仪表,1
智慧医院PPP模式,1
医院后勤管理平台,1
数字一体化手术室,1
建设途径,1
单页面应用技术,1
网站设计,1
AI+医疗健康,1
疾病预防,1
药物研发,1
运送服务管理,1
运送安全管理,1
智能感知设备,1
架构设计,1
可扩展,1
门诊叫号系统,1
医院弱电工程,1
质控四段模型,1
弱电工程质量,1
数字化交通,1
车路协同,1
智能化弱电系统,1
建筑,1
被动扫码支付,1
Nginx反向代理服务,1
就医支付体验,1
天花粉多糖,1
MCF-7细胞,1
Caspase-3,1
Caspase-8,1
凋亡,1
线粒体途径,1
患者关系管理,1
智能防盗系统,1
门禁控制,1
行为路径,1
智慧标识系统,1
模型架构,1
成本分摊,1
智慧的地球,1
智慧时代,1
数据信息挑战,1
物联化,1
互联化,1
业务决策分析,1
全球新兴市场,1
创新工具,1
医院资源管理,1
智慧医院运营管理,1
IT优化管理,1
智能存储系统,1
整合方案,1
数据中心解决方案,1
医管家5.0云蝶智勤,1
数据联通,1
后勤管理智能化,1
慢性阻塞性肺急性加重期,1
呼吸衰竭,1
呼吸道真菌感染,1
健康管理团队,1
网络诊疗,1
动态健康档案,1
健康干预,1
老年综合评估（CGA）,1
智慧云医院,1
医学教育培训,1
5G远程超声,1
医院智慧信息管理系统,1
SOA架构,1
Web服务,1
网格化,1
安全防控,1
综合档案,1
MI Pay,1
刷手机支付,1
刷公交,1
支付宝新技能扫码点菜,1
生物识别技术,1
农业农村信息化,1
涉案财物保管,1
路径研究,1
综合医院设计,1
管理精细化,1
供应商管理平台,1
云技术,1
数字化协同,1
资质监管,1
供采协同,1
条码应用,1
医疗数字化转型,1
云交付,1
云运维,1
医疗信息平台,1
数字民生保障体系,1
医疗服务新场景,1
医疗体系高质量发展,1
数据规范标准化,1
IT架构弹性,1
数据交付体系,1
知识交付体系,1
模板交付体系,1
服务器运维,1
数据库运维,1
全景日志,1
补丁升级工具,1
性能分析,1
模板中心,1
知识平台,1
医院数字化转型,1
医疗行业知识升级,1
运营数据中心,1
三级甲等综合性医院,1
博士后科研工作站,1
临床重点专科,1
高级卒中中心,1
住院医师规范化培训基地,1
国家药物临床试验机构,1
文化建设示范点,1
无线,1
数智化,1
医疗嬗变,1
一体化平台,1
数字时代的医院管理,1
医院质量管理,1
科研采购管理,1
智能化现代医院管理,1
医疗卫生机构,1
智慧消防系统,1
门诊大厅,1
人性化,1
应急协同,1
医用高值耗材,1
科学管理,1
医院总体规划,1
建筑环境,1
医疗流程,1
节能改造,1
节能诊断,1
示范创建,1
5G室分智慧化融合技术,1
智慧化融合,1
物联,1
智慧天线,1
建设建议,1
云平台架构,1
BIM运维应用模式,1
医院医保管控平台,1
德特威勒,1
电梯展览会,1
电梯电缆系统,1
智能建筑产品,1
智慧后勤神经中枢,1
应急医院,1
快速部署,1
装备创新,1
医疗信息技术,1
掌上医院,1
智慧就医,1
移动智能医院,1
医保实时结算,1
门诊诊疗智能化,1
专科联盟,1
药学部职能,1
保健工作,1
智慧型学术型人文型医院,1
保健医师家庭签约制,1
分期建设,1
医院建筑改造,1
处方,1
经营决策,1
管理现代化,1
节能环保,1
易于维护,1
标准建设,1
智慧医疗数字化系统,1
智慧病区物联网应用,1
智慧后勤数字化系统,1
智慧科研数字化平台,1
智慧处方,1
复诊免挂号费,1
医共体改革,1
全生命周期视角,1
安全管理模式,1
医疗信息,1
信息互联网,1
管理服务,1
管理体系,1
智能化管理系统,1
智能化基础设施,1
实时通信,1
信息查询,1
业务中心,1
技术中心,1
设备管理系统,1
运维工单管理系统,1
室内导航,1
增强现实,1
实景导航,1
